no,gender,age,height,weight,bmi,griffith,thermal sensation,thermal accept,air sense,season,date,time,ta,hr
1,0,22,164,45,16.73,0.96,1.7,-0.5,0.0,summer,2018/7/7,8:50:00,27.7,59.0
1,0,22,164,45,16.73,0.96,1.5,-0.5,0.0,summer,2018/7/7,9:00:00,27.6,59.0
1,0,22,164,45,16.73,0.96,1.0,0.5,0.0,summer,2018/7/7,9:30:00,27.5,59.0
1,0,22,164,45,16.73,0.96,0.5,2.2,0.0,summer,2018/7/7,10:00:00,26.9,56.0
1,0,22,164,45,16.73,0.96,0.3,2.1,0.0,summer,2018/7/7,10:30:00,26.5,55.0
1,0,22,164,45,16.73,0.96,0.2,2.2,0.0,summer,2018/7/7,11:00:00,26.4,53.0
1,0,22,164,45,16.73,0.96,0.0,1.3,0.0,summer,2018/7/7,11:30:00,25.5,48.0
1,0,22,164,45,16.73,0.96,-0.3,0.7,0.0,summer,2018/7/7,12:00:00,25.5,49.0
1,0,22,164,45,16.73,0.96,2.0,0.5,0.0,summer,2018/7/7,14:20:00,24.4,49.0
1,0,22,164,45,16.73,0.96,1.0,0.5,0.0,summer,2018/7/7,14:30:00,25.3,51.0
1,0,22,164,45,16.73,0.96,0.0,2.7,0.0,summer,2018/7/7,15:00:00,25.3,48.0
1,0,22,164,45,16.73,0.96,0.5,2.2,0.0,summer,2018/7/7,15:30:00,27.2,52.0
1,0,22,164,45,16.73,0.96,1.0,1.2,0.0,summer,2018/7/7,16:00:00,27.5,52.0
1,0,22,164,45,16.73,0.96,0.0,1.6,0.0,summer,2018/7/7,16:30:00,27.1,52.0
1,0,22,164,45,16.73,0.96,-1.0,-0.5,0.0,summer,2018/7/7,17:00:00,25.2,47.0
1,0,22,164,45,16.73,0.96,-1.7,-1.2,0.0,summer,2018/7/7,17:30:00,24.6,48.0
1,0,22,164,45,16.73,0.96,2.0,-0.5,0.0,summer,2018/7/8,8:50:00,22.4,66.0
1,0,22,164,45,16.73,0.96,1.5,-0.5,0.0,summer,2018/7/8,9:00:00,22.7,66.0
1,0,22,164,45,16.73,0.96,-1.0,0.5,0.0,summer,2018/7/8,9:30:00,23.3,58.0
1,0,22,164,45,16.73,0.96,0.0,3.0,0.0,summer,2018/7/8,10:00:00,24.9,58.0
1,0,22,164,45,16.73,0.96,0.5,2.2,0.0,summer,2018/7/8,10:30:00,25.5,65.0
1,0,22,164,45,16.73,0.96,0.7,1.0,0.0,summer,2018/7/8,11:00:00,25.9,71.0
1,0,22,164,45,16.73,0.96,1.0,-0.5,0.0,summer,2018/7/8,11:30:00,26.3,67.0
1,0,22,164,45,16.73,0.96,1.0,0.5,0.0,summer,2018/7/8,12:00:00,26.5,66.0
1,0,22,164,45,16.73,0.96,1.0,0.5,0.0,summer,2018/7/8,14:20:00,23.3,59.0
1,0,22,164,45,16.73,0.96,0.2,0.5,0.0,summer,2018/7/8,14:30:00,23.9,59.0
1,0,22,164,45,16.73,0.96,-0.7,-0.5,0.0,summer,2018/7/8,15:00:00,23.8,55.0
1,0,22,164,45,16.73,0.96,0.2,0.5,0.0,summer,2018/7/8,15:30:00,25.5,60.0
1,0,22,164,45,16.73,0.96,0.2,0.5,0.0,summer,2018/7/8,16:00:00,26.0,63.0
1,0,22,164,45,16.73,0.96,0.0,0.5,0.0,summer,2018/7/8,16:30:00,26.5,63.0
1,0,22,164,45,16.73,0.96,1.0,0.5,0.0,summer,2018/7/8,17:00:00,26.8,64.0
1,0,22,164,45,16.73,0.96,2.0,-1.7,0.0,summer,2018/7/8,17:30:00,27.7,63.0
1,0,22,164,45,16.73,0.96,1.5,-0.5,0.0,summer,2018/7/9,8:50:00,23.1,66.0
1,0,22,164,45,16.73,0.96,0.0,2.5,0.0,summer,2018/7/9,9:00:00,23.7,64.0
1,0,22,164,45,16.73,0.96,-1.0,-0.5,0.0,summer,2018/7/9,9:30:00,23.7,57.0
1,0,22,164,45,16.73,0.96,0.0,3.0,0.0,summer,2018/7/9,10:00:00,26.3,55.0
1,0,22,164,45,16.73,0.96,0.0,3.0,0.0,summer,2018/7/9,10:30:00,26.7,59.0
1,0,22,164,45,16.73,0.96,0.0,3.0,0.0,summer,2018/7/9,11:00:00,27.1,58.0
1,0,22,164,45,16.73,0.96,0.0,3.0,0.0,summer,2018/7/9,11:30:00,27.3,59.0
1,0,22,164,45,16.73,0.96,0.0,3.0,0.0,summer,2018/7/9,12:00:00,27.6,59.0
1,0,22,164,45,16.73,0.96,1.5,-2.0,0.0,summer,2018/7/9,14:20:00,27.0,61.0
1,0,22,164,45,16.73,0.96,1.0,-0.5,0.0,summer,2018/7/9,14:30:00,27.0,61.0
1,0,22,164,45,16.73,0.96,0.0,2.5,0.0,summer,2018/7/9,15:00:00,26.5,56.0
1,0,22,164,45,16.73,0.96,0.0,3.0,0.0,summer,2018/7/9,15:30:00,26.4,59.0
1,0,22,164,45,16.73,0.96,-0.5,2.0,0.0,summer,2018/7/9,16:00:00,25.8,53.0
1,0,22,164,45,16.73,0.96,-1.0,0.5,0.0,summer,2018/7/9,16:30:00,26.0,58.0
1,0,22,164,45,16.73,0.96,-1.0,1.5,0.0,summer,2018/7/9,17:00:00,26.0,59.0
1,0,22,164,45,16.73,0.96,0.0,0.5,0.0,summer,2018/7/9,17:30:00,26.1,58.0
1,0,22,164,45,16.73,0.96,1.5,-1.5,0.0,summer,2018/7/10,8:50:00,28.5,58.0
1,0,22,164,45,16.73,0.96,2.5,-2.5,0.0,summer,2018/7/10,9:00:00,30.0,52.0
1,0,22,164,45,16.73,0.96,1.0,0.5,0.0,summer,2018/7/10,9:30:00,28.8,58.0
1,0,22,164,45,16.73,0.96,0.0,2.5,0.0,summer,2018/7/10,10:00:00,27.2,54.0
1,0,22,164,45,16.73,0.96,0.0,2.5,0.0,summer,2018/7/10,10:30:00,26.5,53.0
1,0,22,164,45,16.73,0.96,-0.3,2.0,0.0,summer,2018/7/10,11:00:00,25.3,51.0
1,0,22,164,45,16.73,0.96,0.0,2.3,0.0,summer,2018/7/10,11:30:00,25.1,56.0
1,0,22,164,45,16.73,0.96,0.0,2.2,0.0,summer,2018/7/10,12:00:00,25.6,55.0
1,0,22,164,45,16.73,0.96,0.5,0.5,0.0,summer,2018/7/10,14:20:00,24.6,57.0
1,0,22,164,45,16.73,0.96,0.0,2.5,0.0,summer,2018/7/10,14:30:00,25.1,56.0
1,0,22,164,45,16.73,0.96,0.0,3.0,0.0,summer,2018/7/10,15:00:00,26.4,58.0
1,0,22,164,45,16.73,0.96,0.2,3.0,0.0,summer,2018/7/10,15:30:00,27.2,59.0
1,0,22,164,45,16.73,0.96,1.0,0.5,0.0,summer,2018/7/10,16:00:00,27.8,61.0
1,0,22,164,45,16.73,0.96,0.5,1.5,0.0,summer,2018/7/10,16:30:00,28.2,60.0
1,0,22,164,45,16.73,0.96,0.0,1.5,0.0,summer,2018/7/10,17:00:00,28.2,61.0
1,0,22,164,45,16.73,0.96,1.0,0.5,0.0,summer,2018/7/10,17:30:00,28.5,61.0
1,0,22,164,45,16.73,0.96,2.0,-2.0,0.0,summer,2018/7/11,8:50:00,27.2,61.0
1,0,22,164,45,16.73,0.96,1.0,-0.5,0.0,summer,2018/7/11,9:00:00,27.2,61.0
1,0,22,164,45,16.73,0.96,2.0,-2.0,0.0,summer,2018/7/11,9:30:00,29.4,56.0
1,0,22,164,45,16.73,0.96,-0.5,0.5,0.0,summer,2018/7/11,10:00:00,26.5,54.0
1,0,22,164,45,16.73,0.96,-1.0,-0.5,0.0,summer,2018/7/11,10:30:00,25.9,52.0
1,0,22,164,45,16.73,0.96,-1.5,-1.0,0.0,summer,2018/7/11,11:00:00,25.4,53.0
1,0,22,164,45,16.73,0.96,-1.0,0.5,0.0,summer,2018/7/11,11:30:00,25.6,53.0
1,0,22,164,45,16.73,0.96,-2.0,-2.0,0.0,summer,2018/7/11,12:00:00,25.0,52.0
1,0,22,164,45,16.73,0.96,1.0,0.5,0.0,summer,2018/7/11,14:20:00,24.3,58.0
1,0,22,164,45,16.73,0.96,0.0,2.5,0.0,summer,2018/7/11,14:30:00,24.6,58.0
1,0,22,164,45,16.73,0.96,-0.5,1.0,0.0,summer,2018/7/11,15:00:00,24.8,54.0
1,0,22,164,45,16.73,0.96,0.0,2.5,0.0,summer,2018/7/11,15:30:00,25.9,53.0
1,0,22,164,45,16.73,0.96,0.0,3.0,0.0,summer,2018/7/11,16:00:00,26.8,54.0
1,0,22,164,45,16.73,0.96,0.7,0.8,0.0,summer,2018/7/11,16:30:00,27.3,54.0
1,0,22,164,45,16.73,0.96,0.0,0.7,0.0,summer,2018/7/11,17:00:00,27.5,56.0
1,0,22,164,45,16.73,0.96,0.0,1.5,0.0,summer,2018/7/11,17:30:00,27.7,57.0
1,0,22,164,45,16.73,0.96,0.0,1.0,0.0,summer,2018/7/12,8:50:00,23.0,59.0
1,0,22,164,45,16.73,0.96,0.0,1.0,0.0,summer,2018/7/12,9:00:00,23.6,58.0
1,0,22,164,45,16.73,0.96,-0.2,2.0,0.0,summer,2018/7/12,9:30:00,24.0,59.0
1,0,22,164,45,16.73,0.96,0.0,2.0,0.0,summer,2018/7/12,10:00:00,25.4,58.0
1,0,22,164,45,16.73,0.96,0.0,3.0,0.0,summer,2018/7/12,10:30:00,26.3,58.0
1,0,22,164,45,16.73,0.96,0.0,3.0,0.0,summer,2018/7/12,11:00:00,26.8,58.0
1,0,22,164,45,16.73,0.96,0.5,1.5,0.0,summer,2018/7/12,11:30:00,27.2,58.0
1,0,22,164,45,16.73,0.96,0.0,2.0,0.0,summer,2018/7/12,12:00:00,27.5,57.0
1,0,22,164,45,16.73,0.96,1.0,0.5,0.0,summer,2018/7/12,14:20:00,27.0,58.0
1,0,22,164,45,16.73,0.96,0.0,1.5,0.0,summer,2018/7/12,14:30:00,26.1,60.0
1,0,22,164,45,16.73,0.96,0.0,0.5,0.0,summer,2018/7/12,15:00:00,24.6,48.0
1,0,22,164,45,16.73,0.96,-0.5,0.5,0.0,summer,2018/7/12,15:30:00,23.7,53.0
1,0,22,164,45,16.73,0.96,-1.0,-0.5,0.0,summer,2018/7/12,16:00:00,24.6,50.0
1,0,22,164,45,16.73,0.96,-0.5,0.5,0.0,summer,2018/7/12,16:30:00,24.8,54.0
1,0,22,164,45,16.73,0.96,0.0,2.0,0.0,summer,2018/7/12,17:00:00,25.9,52.0
1,0,22,164,45,16.73,0.96,0.5,0.5,0.0,summer,2018/7/12,17:30:00,27.5,57.0
1,0,22,164,45,16.73,0.96,2.0,-3.0,0.0,summer,2018/7/13,8:50:00,26.5,62.0
1,0,22,164,45,16.73,0.96,1.5,-1.5,0.0,summer,2018/7/13,9:00:00,26.8,62.0
1,0,22,164,45,16.73,0.96,0.5,1.5,0.0,summer,2018/7/13,9:30:00,26.1,59.0
1,0,22,164,45,16.73,0.96,-0.2,0.5,0.0,summer,2018/7/13,10:00:00,25.2,54.0
1,0,22,164,45,16.73,0.96,-1.0,2.5,0.0,summer,2018/7/13,10:30:00,24.5,49.0
1,0,22,164,45,16.73,0.96,-0.5,1.5,0.0,summer,2018/7/13,11:00:00,25.1,54.0
1,0,22,164,45,16.73,0.96,-0.5,0.5,0.0,summer,2018/7/13,11:30:00,25.3,55.0
1,0,22,164,45,16.73,0.96,-1.0,0.5,0.0,summer,2018/7/13,12:00:00,25.4,54.0
1,0,22,164,45,16.73,0.96,2.0,-1.5,0.0,summer,2018/7/13,14:20:00,25.4,64.0
1,0,22,164,45,16.73,0.96,0.5,2.0,0.0,summer,2018/7/13,14:30:00,25.6,61.0
1,0,22,164,45,16.73,0.96,0.0,2.0,0.0,summer,2018/7/13,15:00:00,25.3,51.0
1,0,22,164,45,16.73,0.96,-0.5,0.5,0.0,summer,2018/7/13,15:30:00,25.6,49.0
1,0,22,164,45,16.73,0.96,-1.0,-0.5,0.0,summer,2018/7/13,16:00:00,25.6,48.0
1,0,22,164,45,16.73,0.96,-0.2,0.5,0.0,summer,2018/7/13,16:30:00,27.0,53.0
1,0,22,164,45,16.73,0.96,-0.2,0.5,0.0,summer,2018/7/13,17:00:00,27.0,53.0
1,0,22,164,45,16.73,0.96,-0.2,0.5,0.0,summer,2018/7/13,17:30:00,27.0,53.0
1,0,22,164,45,16.73,0.96,3.0,-2.5,0.0,summer,2018/7/16,8:50:00,28.6,57.0
1,0,22,164,45,16.73,0.96,2.5,-2.0,0.0,summer,2018/7/16,9:00:00,28.9,58.0
1,0,22,164,45,16.73,0.96,0.0,1.0,0.0,summer,2018/7/16,9:30:00,25.5,52.0
1,0,22,164,45,16.73,0.96,0.0,1.0,0.0,summer,2018/7/16,10:00:00,25.5,52.0
1,0,22,164,45,16.73,0.96,0.0,1.0,0.0,summer,2018/7/16,10:30:00,25.5,52.0
1,0,22,164,45,16.73,0.96,0.0,1.0,0.0,summer,2018/7/16,11:00:00,25.5,52.0
1,0,22,164,45,16.73,0.96,0.0,1.0,0.0,summer,2018/7/16,11:30:00,25.5,52.0
1,0,22,164,45,16.73,0.96,0.0,1.0,0.0,summer,2018/7/16,12:00:00,25.5,52.0
1,0,22,164,45,16.73,0.96,1.5,0.5,0.0,summer,2018/7/16,14:20:00,24.5,56.0
1,0,22,164,45,16.73,0.96,0.5,0.5,0.0,summer,2018/7/16,14:30:00,24.2,56.0
1,0,22,164,45,16.73,0.96,0.0,2.0,0.0,summer,2018/7/16,15:00:00,24.6,54.0
1,0,22,164,45,16.73,0.96,0.0,2.0,0.0,summer,2018/7/16,15:30:00,24.6,54.0
1,0,22,164,45,16.73,0.96,-0.4,1.0,1.0,summer,2018/7/16,16:00:00,25.3,49.0
1,0,22,164,45,16.73,0.96,-2.0,-2.0,1.0,summer,2018/7/16,16:30:00,23.0,50.0
1,0,22,164,45,16.73,0.96,-2.0,-2.5,1.0,summer,2018/7/16,17:00:00,22.0,52.0
1,0,22,164,45,16.73,0.96,-2.5,-2.5,1.0,summer,2018/7/16,17:30:00,21.9,53.0
1,0,22,164,45,16.73,0.96,-3.0,-2.0,1.0,summer,2018/7/16,18:00:00,21.5,52.0
1,0,22,164,45,16.73,0.96,-1.0,0.5,0.0,summer,2018/7/17,8:50:00,22.1,54.0
1,0,22,164,45,16.73,0.96,-0.5,0.5,0.0,summer,2018/7/17,9:00:00,22.7,53.0
1,0,22,164,45,16.73,0.96,-0.5,1.0,0.0,summer,2018/7/17,9:30:00,23.8,55.0
1,0,22,164,45,16.73,0.96,0.0,3.0,0.0,summer,2018/7/17,10:00:00,25.3,57.0
1,0,22,164,45,16.73,0.96,0.0,2.0,0.0,summer,2018/7/17,10:30:00,25.9,58.0
1,0,22,164,45,16.73,0.96,0.5,0.5,0.0,summer,2018/7/17,11:00:00,26.5,59.0
1,0,22,164,45,16.73,0.96,1.0,-0.5,0.0,summer,2018/7/17,11:30:00,26.2,59.0
1,0,22,164,45,16.73,0.96,1.0,-0.5,0.0,summer,2018/7/17,12:00:00,27.1,59.0
1,0,22,164,45,16.73,0.96,2.0,-0.5,0.0,summer,2018/7/17,14:20:00,27.3,59.0
1,0,22,164,45,16.73,0.96,2.0,-1.5,0.0,summer,2018/7/17,14:30:00,27.7,63.0
1,0,22,164,45,16.73,0.96,0.0,0.5,1.0,summer,2018/7/17,15:00:00,24.2,54.0
1,0,22,164,45,16.73,0.96,-1.0,-0.5,1.0,summer,2018/7/17,15:30:00,23.0,50.0
1,0,22,164,45,16.73,0.96,-1.5,0.0,1.0,summer,2018/7/17,16:00:00,23.0,51.0
1,0,22,164,45,16.73,0.96,-2.5,-2.0,1.0,summer,2018/7/17,16:30:00,23.0,53.0
1,0,22,164,45,16.73,0.96,0.0,3.0,0.0,summer,2018/7/17,17:00:00,26.3,53.0
1,0,22,164,45,16.73,0.96,0.0,2.5,0.0,summer,2018/7/17,17:30:00,27.0,53.0
1,0,22,164,45,16.73,0.96,2.0,-1.5,0.0,summer,2018/7/18,14:20:00,27.2,50.0
1,0,22,164,45,16.73,0.96,2.0,-2.0,0.0,summer,2018/7/18,14:30:00,27.2,50.0
1,0,22,164,45,16.73,0.96,2.5,-2.5,0.0,summer,2018/7/18,15:00:00,29.0,48.0
1,0,22,164,45,16.73,0.96,2.5,-2.0,0.0,summer,2018/7/18,15:30:00,29.7,46.0
1,0,22,164,45,16.73,0.96,0.0,1.0,1.0,summer,2018/7/18,16:00:00,26.5,44.0
1,0,22,164,45,16.73,0.96,-0.7,0.0,1.0,summer,2018/7/18,16:30:00,25.7,42.0
1,0,22,164,45,16.73,0.96,-1.5,-1.0,1.0,summer,2018/7/18,17:00:00,25.2,43.0
1,0,22,164,45,16.73,0.96,0.0,0.0,0.0,summer,2018/7/18,17:30:00,27.0,45.0
1,0,22,164,45,16.73,0.96,2.0,-2.0,0.0,summer,2018/7/19,8:50:00,29.8,58.0
1,0,22,164,45,16.73,0.96,2.0,-2.0,0.0,summer,2018/7/19,9:00:00,29.0,59.0
1,0,22,164,45,16.73,0.96,-0.5,0.0,1.0,summer,2018/7/19,9:30:00,24.7,48.0
1,0,22,164,45,16.73,0.96,0.0,1.0,1.0,summer,2018/7/19,10:00:00,23.2,50.0
1,0,22,164,45,16.73,0.96,-0.5,1.0,1.0,summer,2018/7/19,10:30:00,23.1,52.0
1,0,22,164,45,16.73,0.96,-1.0,0.0,1.0,summer,2018/7/19,11:00:00,22.8,50.0
1,0,22,164,45,16.73,0.96,-2.0,-2.0,1.0,summer,2018/7/19,11:30:00,22.9,52.0
1,0,22,164,45,16.73,0.96,-2.0,-2.0,1.0,summer,2018/7/19,12:00:00,23.0,52.0
1,0,22,164,45,16.73,0.96,-2.0,-2.0,1.0,summer,2018/7/19,14:20:00,23.0,52.0
1,0,22,164,45,16.73,0.96,2.5,-2.0,0.0,summer,2018/7/19,14:30:00,29.9,50.0
1,0,22,164,45,16.73,0.96,0.0,3.0,1.0,summer,2018/7/19,15:00:00,24.8,44.0
1,0,22,164,45,16.73,0.96,-0.5,2.0,1.0,summer,2018/7/19,15:30:00,24.4,45.0
1,0,22,164,45,16.73,0.96,-1.5,-1.0,1.0,summer,2018/7/19,16:00:00,24.2,46.0
1,0,22,164,45,16.73,0.96,-1.5,-1.0,1.0,summer,2018/7/19,16:30:00,24.2,49.0
1,0,22,164,45,16.73,0.96,-1.0,-1.5,1.0,summer,2018/7/19,17:00:00,24.5,46.0
1,0,22,164,45,16.73,0.96,0.0,-1.0,1.0,summer,2018/7/19,17:30:00,24.1,46.0
1,0,22,164,45,16.73,0.96,2.5,-2.5,0.0,summer,2018/7/20,8:50:00,29.9,55.0
1,0,22,164,45,16.73,0.96,1.5,-1.5,0.0,summer,2018/7/20,9:00:00,29.5,55.0
1,0,22,164,45,16.73,0.96,1.0,-1.5,0.0,summer,2018/7/20,9:30:00,29.1,49.0
1,0,22,164,45,16.73,0.96,0.0,0.0,0.0,summer,2018/7/20,10:00:00,28.5,45.0
1,0,22,164,45,16.73,0.96,0.0,0.0,0.0,summer,2018/7/20,10:30:00,28.5,45.0
1,0,22,164,45,16.73,0.96,-1.0,0.0,0.0,summer,2018/7/20,11:00:00,26.4,44.0
1,0,22,164,45,16.73,0.96,-0.5,0.0,0.0,summer,2018/7/20,11:30:00,26.3,45.0
1,0,22,164,45,16.73,0.96,-0.5,0.0,0.0,summer,2018/7/20,12:00:00,26.3,45.0
1,0,22,164,45,16.73,0.96,2.0,-2.0,0.0,summer,2018/7/20,14:20:00,25.7,48.0
1,0,22,164,45,16.73,0.96,1.0,-1.0,0.0,summer,2018/7/20,14:30:00,26.0,48.0
1,0,22,164,45,16.73,0.96,1.0,-1.0,0.0,summer,2018/7/20,15:00:00,26.0,48.0
1,0,22,164,45,16.73,0.96,0.0,0.0,1.0,summer,2018/7/20,15:30:00,25.3,46.0
1,0,22,164,45,16.73,0.96,0.0,0.0,1.0,summer,2018/7/20,16:00:00,25.3,46.0
1,0,22,164,45,16.73,0.96,0.0,0.0,1.0,summer,2018/7/20,16:30:00,26.2,45.0
1,0,22,164,45,16.73,0.96,0.0,0.0,1.0,summer,2018/7/20,17:00:00,26.2,45.0
1,0,22,164,45,16.73,0.96,0.0,0.0,1.0,summer,2018/7/20,17:30:00,26.2,45.0
1,0,22,164,45,16.73,0.96,0.0,0.0,1.0,summer,2018/7/21,8:50:00,26.2,45.0
1,0,22,164,45,16.73,0.96,2.0,-2.0,0.0,summer,2018/7/21,9:00:00,28.3,54.0
1,0,22,164,45,16.73,0.96,1.0,-0.5,0.0,summer,2018/7/21,9:30:00,27.1,48.0
1,0,22,164,45,16.73,0.96,0.5,0.0,0.0,summer,2018/7/21,10:00:00,26.8,45.0
1,0,22,164,45,16.73,0.96,0.5,0.0,0.0,summer,2018/7/21,10:30:00,26.8,46.0
1,0,22,164,45,16.73,0.96,0.5,0.0,0.0,summer,2018/7/21,11:00:00,26.8,45.0
1,0,22,164,45,16.73,0.96,-2.0,-2.0,1.0,summer,2018/7/21,11:30:00,26.8,45.0
1,0,22,164,45,16.73,0.96,-2.0,-2.0,1.0,summer,2018/7/21,12:00:00,26.8,45.0
1,0,22,164,45,16.73,0.96,-2.0,-2.0,1.0,summer,2018/7/21,14:20:00,26.8,45.0
1,0,22,164,45,16.73,0.96,2.5,-2.0,0.0,summer,2018/7/21,14:30:00,29.9,50.0
1,0,22,164,45,16.73,0.96,0.0,3.0,1.0,summer,2018/7/21,15:00:00,24.8,44.0
1,0,22,164,45,16.73,0.96,-0.5,2.0,1.0,summer,2018/7/21,15:30:00,24.4,45.0
1,0,22,164,45,16.73,0.96,-1.5,-1.0,1.0,summer,2018/7/21,16:00:00,24.2,46.0
1,0,22,164,45,16.73,0.96,-1.5,-1.0,1.0,summer,2018/7/21,16:30:00,24.2,49.0
1,0,22,164,45,16.73,0.96,-1.0,-1.5,1.0,summer,2018/7/21,17:00:00,24.5,46.0
1,0,22,164,45,16.73,0.96,0.0,-1.0,1.0,summer,2018/7/21,17:30:00,24.1,46.0
2,1,22,178,65,20.52,1.6,0.0,2.2,0.0,summer,2018/7/7,8:50:00,27.9,57.0
2,1,22,178,65,20.52,1.6,0.0,2.2,0.0,summer,2018/7/7,9:00:00,27.9,57.0
2,1,22,178,65,20.52,1.6,-0.3,2.4,0.0,summer,2018/7/7,9:30:00,26.9,59.0
2,1,22,178,65,20.52,1.6,-1.0,0.5,0.0,summer,2018/7/7,10:00:00,26.4,56.0
2,1,22,178,65,20.52,1.6,-0.5,2.2,0.0,summer,2018/7/7,10:30:00,26.1,55.0
2,1,22,178,65,20.52,1.6,-0.9,1.9,0.0,summer,2018/7/7,11:00:00,25.8,54.0
2,1,22,178,65,20.52,1.6,-1.0,0.3,0.0,summer,2018/7/7,11:30:00,25.1,48.0
2,1,22,178,65,20.52,1.6,-1.0,-0.5,0.0,summer,2018/7/7,12:00:00,25.2,48.0
2,1,22,178,65,20.52,1.6,0.3,0.6,0.0,summer,2018/7/7,14:20:00,24.4,55.0
2,1,22,178,65,20.52,1.6,0.8,1.2,0.0,summer,2018/7/7,14:30:00,25.2,50.0
2,1,22,178,65,20.52,1.6,1.0,0.5,0.0,summer,2018/7/7,15:00:00,25.0,48.0
2,1,22,178,65,20.52,1.6,0.2,2.7,0.0,summer,2018/7/7,15:30:00,27.8,50.0
2,1,22,178,65,20.52,1.6,0.1,0.2,0.0,summer,2018/7/7,16:00:00,27.6,51.0
2,1,22,178,65,20.52,1.6,-0.8,0.4,0.0,summer,2018/7/7,16:30:00,26.6,52.0
2,1,22,178,65,20.52,1.6,-0.7,0.0,0.0,summer,2018/7/7,17:00:00,26.6,42.0
2,1,22,178,65,20.52,1.6,-1.0,-0.4,0.0,summer,2018/7/7,17:30:00,25.4,45.0
2,1,22,178,65,20.52,1.6,-1.2,0.5,0.0,summer,2018/7/8,8:50:00,22.7,65.0
2,1,22,178,65,20.52,1.6,0.0,2.2,0.0,summer,2018/7/8,9:00:00,22.9,64.0
2,1,22,178,65,20.52,1.6,-0.4,0.7,0.0,summer,2018/7/8,9:30:00,23.8,55.0
2,1,22,178,65,20.52,1.6,1.0,2.2,0.0,summer,2018/7/8,10:00:00,24.8,56.0
2,1,22,178,65,20.52,1.6,0.5,1.7,0.0,summer,2018/7/8,10:30:00,26.3,61.0
2,1,22,178,65,20.52,1.6,0.0,2.1,0.0,summer,2018/7/8,11:00:00,26.8,65.0
2,1,22,178,65,20.52,1.6,0.0,2.8,0.0,summer,2018/7/8,11:30:00,27.1,62.0
2,1,22,178,65,20.52,1.6,0.0,2.4,0.0,summer,2018/7/8,12:00:00,27.3,61.0
2,1,22,178,65,20.52,1.6,-0.5,0.5,0.0,summer,2018/7/8,14:20:00,23.7,58.0
2,1,22,178,65,20.52,1.6,-0.4,1.6,0.0,summer,2018/7/8,14:30:00,24.1,57.0
2,1,22,178,65,20.52,1.6,-0.4,1.6,0.0,summer,2018/7/8,15:00:00,24.1,57.0
2,1,22,178,65,20.52,1.6,0.0,2.4,0.0,summer,2018/7/8,15:30:00,26.4,57.0
2,1,22,178,65,20.52,1.6,0.0,2.7,0.0,summer,2018/7/8,16:00:00,26.9,59.0
2,1,22,178,65,20.52,1.6,0.0,2.5,0.0,summer,2018/7/8,16:30:00,27.1,60.0
2,1,22,178,65,20.52,1.6,0.0,2.5,0.0,summer,2018/7/8,17:00:00,27.0,62.0
2,1,22,178,65,20.52,1.6,0.0,2.4,0.0,summer,2018/7/8,17:30:00,27.1,63.0
2,1,22,178,65,20.52,1.6,-0.5,0.5,0.0,summer,2018/7/9,8:50:00,23.2,65.0
2,1,22,178,65,20.52,1.6,-1.0,-0.3,0.0,summer,2018/7/9,9:00:00,24.0,61.0
2,1,22,178,65,20.52,1.6,-1.0,-0.2,0.0,summer,2018/7/9,9:30:00,24.3,55.0
2,1,22,178,65,20.52,1.6,-0.2,1.8,0.0,summer,2018/7/9,10:00:00,26.3,53.0
2,1,22,178,65,20.52,1.6,0.0,0.5,0.0,summer,2018/7/9,10:30:00,26.7,58.0
2,1,22,178,65,20.52,1.6,1.0,2.5,0.0,summer,2018/7/9,11:00:00,27.3,57.0
2,1,22,178,65,20.52,1.6,0.1,1.7,0.0,summer,2018/7/9,11:30:00,27.6,58.0
2,1,22,178,65,20.52,1.6,-1.0,2.2,0.0,summer,2018/7/9,12:00:00,27.5,59.0
2,1,22,178,65,20.52,1.6,1.0,1.0,0.0,summer,2018/7/9,14:20:00,26.7,61.0
2,1,22,178,65,20.52,1.6,1.3,1.5,0.0,summer,2018/7/9,14:30:00,26.7,61.0
2,1,22,178,65,20.52,1.6,0.0,1.5,0.0,summer,2018/7/9,15:00:00,26.7,55.0
2,1,22,178,65,20.52,1.6,0.0,1.7,0.0,summer,2018/7/9,15:30:00,26.4,58.0
2,1,22,178,65,20.52,1.6,-0.5,1.6,0.0,summer,2018/7/9,16:00:00,25.8,52.0
2,1,22,178,65,20.52,1.6,0.0,2.0,0.0,summer,2018/7/9,16:30:00,25.2,60.0
2,1,22,178,65,20.52,1.6,1.0,1.8,0.0,summer,2018/7/9,17:00:00,25.6,58.0
2,1,22,178,65,20.52,1.6,-0.5,1.0,0.0,summer,2018/7/9,17:30:00,25.8,56.0
2,1,22,178,65,20.52,1.6,0.0,1.1,0.0,summer,2018/7/10,8:50:00,26.8,60.0
2,1,22,178,65,20.52,1.6,0.0,1.2,0.0,summer,2018/7/10,9:00:00,26.9,61.0
2,1,22,178,65,20.52,1.6,0.3,2.1,0.0,summer,2018/7/10,9:30:00,27.6,60.0
2,1,22,178,65,20.52,1.6,0.0,1.8,0.0,summer,2018/7/10,10:00:00,26.9,56.0
2,1,22,178,65,20.52,1.6,0.2,1.8,0.0,summer,2018/7/10,10:30:00,26.0,53.0
2,1,22,178,65,20.52,1.6,0.2,1.8,0.0,summer,2018/7/10,11:00:00,26.0,53.0
2,1,22,178,65,20.52,1.6,-0.3,0.7,0.0,summer,2018/7/10,11:30:00,25.1,53.0
2,1,22,178,65,20.52,1.6,-0.7,0.5,0.0,summer,2018/7/10,12:00:00,25.3,64.0
2,1,22,178,65,20.52,1.6,0.3,0.7,0.0,summer,2018/7/10,14:20:00,24.6,59.0
2,1,22,178,65,20.52,1.6,0.0,0.7,0.0,summer,2018/7/10,14:30:00,24.5,58.0
2,1,22,178,65,20.52,1.6,0.3,2.2,0.0,summer,2018/7/10,15:00:00,26.7,55.0
2,1,22,178,65,20.52,1.6,0.0,2.1,0.0,summer,2018/7/10,15:30:00,27.4,58.0
2,1,22,178,65,20.52,1.6,0.0,1.7,0.0,summer,2018/7/10,16:00:00,27.6,59.0
2,1,22,178,65,20.52,1.6,0.0,1.3,0.0,summer,2018/7/10,16:30:00,28.1,59.0
2,1,22,178,65,20.52,1.6,0.3,1.4,0.0,summer,2018/7/10,17:00:00,28.1,59.0
2,1,22,178,65,20.52,1.6,0.0,1.7,0.0,summer,2018/7/10,17:30:00,28.4,60.0
2,1,22,178,65,20.52,1.6,0.2,1.3,0.0,summer,2018/7/11,8:50:00,27.1,59.0
2,1,22,178,65,20.52,1.6,1.0,1.7,0.0,summer,2018/7/11,9:00:00,27.1,60.0
2,1,22,178,65,20.52,1.6,1.0,1.6,0.0,summer,2018/7/11,9:30:00,28.0,59.0
2,1,22,178,65,20.52,1.6,1.0,2.2,0.0,summer,2018/7/11,10:00:00,26.3,54.0
2,1,22,178,65,20.52,1.6,0.5,2.0,0.0,summer,2018/7/11,10:30:00,26.1,50.0
2,1,22,178,65,20.52,1.6,-1.0,0.5,0.0,summer,2018/7/11,11:00:00,25.6,51.0
2,1,22,178,65,20.52,1.6,-0.7,1.6,0.0,summer,2018/7/11,11:30:00,26.0,51.0
2,1,22,178,65,20.52,1.6,0.0,1.6,0.0,summer,2018/7/11,12:00:00,27.4,53.0
2,1,22,178,65,20.52,1.6,0.0,2.2,0.0,summer,2018/7/11,14:20:00,27.9,54.0
2,1,22,178,65,20.52,1.6,0.0,2.0,0.0,summer,2018/7/11,14:30:00,28.1,55.0
2,1,22,178,65,20.52,1.6,0.0,2.0,0.0,summer,2018/7/11,15:00:00,28.1,55.0
2,1,22,178,65,20.52,1.6,0.0,2.0,0.0,summer,2018/7/11,15:30:00,28.1,55.0
2,1,22,178,65,20.52,1.6,0.0,2.0,0.0,summer,2018/7/11,16:00:00,28.1,55.0
2,1,22,178,65,20.52,1.6,0.0,2.0,0.0,summer,2018/7/11,16:30:00,28.1,55.0
2,1,22,178,65,20.52,1.6,0.0,2.0,0.0,summer,2018/7/11,17:00:00,28.1,55.0
2,1,22,178,65,20.52,1.6,0.0,2.0,0.0,summer,2018/7/11,17:30:00,28.1,55.0
2,1,22,178,65,20.52,1.6,-0.5,0.8,0.0,summer,2018/7/12,8:50:00,22.8,59.0
2,1,22,178,65,20.52,1.6,-0.5,0.4,0.0,summer,2018/7/12,9:00:00,23.2,58.0
2,1,22,178,65,20.52,1.6,-0.3,1.6,0.0,summer,2018/7/12,9:30:00,23.7,58.0
2,1,22,178,65,20.52,1.6,0.0,1.7,0.0,summer,2018/7/12,10:00:00,25.0,58.0
2,1,22,178,65,20.52,1.6,0.0,2.1,0.0,summer,2018/7/12,10:30:00,25.9,57.0
2,1,22,178,65,20.52,1.6,-0.3,1.5,0.0,summer,2018/7/12,11:00:00,26.4,58.0
2,1,22,178,65,20.52,1.6,-0.9,0.5,0.0,summer,2018/7/12,11:30:00,26.7,57.0
2,1,22,178,65,20.52,1.6,-0.8,0.5,0.0,summer,2018/7/12,12:00:00,26.9,57.0
2,1,22,178,65,20.52,1.6,0.3,1.9,0.0,summer,2018/7/12,14:20:00,25.9,53.0
2,1,22,178,65,20.52,1.6,0.3,0.8,0.0,summer,2018/7/12,14:30:00,25.8,53.0
2,1,22,178,65,20.52,1.6,-0.2,0.9,0.0,summer,2018/7/12,15:00:00,24.5,45.0
2,1,22,178,65,20.52,1.6,-0.5,0.7,0.0,summer,2018/7/12,15:30:00,25.2,49.0
2,1,22,178,65,20.52,1.6,-0.1,1.7,0.0,summer,2018/7/12,16:00:00,24.7,48.0
2,1,22,178,65,20.52,1.6,-0.6,1.7,0.0,summer,2018/7/12,16:30:00,24.7,51.0
2,1,22,178,65,20.52,1.6,-0.2,1.6,0.0,summer,2018/7/12,17:00:00,26.1,59.0
2,1,22,178,65,20.52,1.6,0.0,1.7,0.0,summer,2018/7/12,17:30:00,26.6,57.0
2,1,22,178,65,20.52,1.6,0.3,1.3,0.0,summer,2018/7/13,8:50:00,25.9,63.0
2,1,22,178,65,20.52,1.6,-0.2,1.7,0.0,summer,2018/7/13,9:00:00,26.3,64.0
2,1,22,178,65,20.52,1.6,-0.1,1.1,0.0,summer,2018/7/13,9:30:00,25.7,60.0
2,1,22,178,65,20.52,1.6,-0.8,0.7,0.0,summer,2018/7/13,10:00:00,25.1,54.0
2,1,22,178,65,20.52,1.6,-0.7,0.3,0.0,summer,2018/7/13,10:30:00,24.2,49.0
2,1,22,178,65,20.52,1.6,-0.7,0.2,0.0,summer,2018/7/13,11:00:00,24.6,55.0
2,1,22,178,65,20.52,1.6,-0.2,0.7,0.0,summer,2018/7/13,11:30:00,24.5,54.0
2,1,22,178,65,20.52,1.6,0.2,1.3,0.0,summer,2018/7/13,12:00:00,24.1,55.0
2,1,22,178,65,20.52,1.6,0.2,1.3,0.0,summer,2018/7/13,14:20:00,24.1,55.0
2,1,22,178,65,20.52,1.6,0.2,1.3,0.0,summer,2018/7/13,14:30:00,24.1,55.0
2,1,22,178,65,20.52,1.6,0.2,1.3,0.0,summer,2018/7/13,15:00:00,24.1,55.0
2,1,22,178,65,20.52,1.6,-0.7,0.9,0.0,summer,2018/7/13,15:30:00,24.2,52.0
2,1,22,178,65,20.52,1.6,0.0,1.2,0.0,summer,2018/7/13,16:00:00,24.6,50.0
2,1,22,178,65,20.52,1.6,0.2,1.8,0.0,summer,2018/7/13,16:30:00,26.6,52.0
2,1,22,178,65,20.52,1.6,0.2,1.7,0.0,summer,2018/7/13,17:00:00,27.0,56.0
2,1,22,178,65,20.52,1.6,0.7,1.6,0.0,summer,2018/7/13,17:30:00,27.3,57.0
2,1,22,178,65,20.52,1.6,1.2,-0.8,0.0,summer,2018/7/16,8:50:00,28.2,59.0
2,1,22,178,65,20.52,1.6,1.7,0.8,0.0,summer,2018/7/16,9:00:00,28.4,59.0
2,1,22,178,65,20.52,1.6,-0.2,0.5,0.0,summer,2018/7/16,9:30:00,24.8,55.0
2,1,22,178,65,20.52,1.6,-0.2,0.5,0.0,summer,2018/7/16,10:00:00,24.8,55.0
2,1,22,178,65,20.52,1.6,-0.2,0.5,0.0,summer,2018/7/16,10:30:00,24.8,55.0
2,1,22,178,65,20.52,1.6,-0.2,0.5,0.0,summer,2018/7/16,11:00:00,24.8,55.0
2,1,22,178,65,20.52,1.6,-0.2,0.5,0.0,summer,2018/7/16,11:30:00,24.8,55.0
2,1,22,178,65,20.52,1.6,-0.2,0.5,0.0,summer,2018/7/16,12:00:00,24.8,55.0
2,1,22,178,65,20.52,1.6,-0.2,0.5,0.0,summer,2018/7/16,14:20:00,24.8,55.0
2,1,22,178,65,20.52,1.6,-0.3,0.5,0.0,summer,2018/7/16,14:30:00,24.8,55.0
2,1,22,178,65,20.52,1.6,0.0,1.6,0.0,summer,2018/7/16,15:00:00,24.9,53.0
2,1,22,178,65,20.52,1.6,0.0,1.2,0.0,summer,2018/7/16,15:30:00,25.3,53.0
2,1,22,178,65,20.52,1.6,-0.3,1.6,1.0,summer,2018/7/16,16:00:00,25.1,50.0
2,1,22,178,65,20.52,1.6,-1.0,1.7,1.0,summer,2018/7/16,16:30:00,22.0,52.0
2,1,22,178,65,20.52,1.6,-0.7,-0.7,1.0,summer,2018/7/16,17:00:00,21.9,54.0
2,1,22,178,65,20.52,1.6,-1.2,-0.9,1.0,summer,2018/7/16,17:30:00,21.9,53.0
2,1,22,178,65,20.52,1.6,0.7,0.2,1.0,summer,2018/7/16,18:00:00,21.6,52.0
2,1,22,178,65,20.52,1.6,-0.3,0.8,0.0,summer,2018/7/17,8:50:00,22.4,54.0
2,1,22,178,65,20.52,1.6,-0.7,1.2,0.0,summer,2018/7/17,9:00:00,22.2,52.0
2,1,22,178,65,20.52,1.6,0.3,1.3,0.0,summer,2018/7/17,9:30:00,23.6,54.0
2,1,22,178,65,20.52,1.6,0.2,0.5,0.0,summer,2018/7/17,10:00:00,25.1,57.0
2,1,22,178,65,20.52,1.6,0.2,0.8,0.0,summer,2018/7/17,10:30:00,25.7,59.0
2,1,22,178,65,20.52,1.6,0.2,0.8,0.0,summer,2018/7/17,11:00:00,25.7,59.0
2,1,22,178,65,20.52,1.6,1.3,1.7,0.0,summer,2018/7/17,11:30:00,26.7,58.0
2,1,22,178,65,20.52,1.6,0.0,1.7,0.0,summer,2018/7/17,12:00:00,27.2,58.0
2,1,22,178,65,20.52,1.6,0.0,1.7,0.0,summer,2018/7/17,14:20:00,27.4,59.0
2,1,22,178,65,20.52,1.6,1.1,2.1,0.0,summer,2018/7/17,14:30:00,27.8,62.0
2,1,22,178,65,20.52,1.6,0.0,1.1,1.0,summer,2018/7/17,15:00:00,23.6,54.0
2,1,22,178,65,20.52,1.6,-1.0,-0.3,1.0,summer,2018/7/17,15:30:00,22.3,50.0
2,1,22,178,65,20.52,1.6,-1.2,-0.5,1.0,summer,2018/7/17,16:00:00,21.7,52.0
2,1,22,178,65,20.52,1.6,-1.0,-0.5,1.0,summer,2018/7/17,16:30:00,23.0,55.0
2,1,22,178,65,20.52,1.6,-0.1,1.5,0.0,summer,2018/7/17,17:00:00,26.5,52.0
2,1,22,178,65,20.52,1.6,-0.1,1.5,0.0,summer,2018/7/17,17:30:00,26.5,52.0
2,1,22,178,65,20.52,1.6,-0.1,1.5,0.0,summer,2018/7/18,8:50:00,26.5,52.0
2,1,22,178,65,20.52,1.6,1.0,1.4,0.0,summer,2018/7/18,9:00:00,27.8,60.0
2,1,22,178,65,20.52,1.6,-0.7,1.2,0.0,summer,2018/7/18,9:30:00,23.4,50.0
2,1,22,178,65,20.52,1.6,-0.8,1.2,0.0,summer,2018/7/18,10:00:00,21.6,53.0
2,1,22,178,65,20.52,1.6,0.2,0.8,0.0,summer,2018/7/18,10:30:00,24.7,53.0
2,1,22,178,65,20.52,1.6,0.2,0.7,0.0,summer,2018/7/18,11:00:00,25.1,52.0
2,1,22,178,65,20.52,1.6,0.2,0.8,0.0,summer,2018/7/18,11:30:00,27.3,53.0
2,1,22,178,65,20.52,1.6,0.3,0.2,0.0,summer,2018/7/18,12:00:00,28.2,53.0
2,1,22,178,65,20.52,1.6,0.0,1.7,0.0,summer,2018/7/18,14:20:00,27.3,48.0
2,1,22,178,65,20.52,1.6,0.7,1.6,0.0,summer,2018/7/18,14:30:00,27.4,49.0
2,1,22,178,65,20.52,1.6,0.5,1.5,0.0,summer,2018/7/18,15:00:00,28.0,48.0
2,1,22,178,65,20.52,1.6,0.0,1.7,0.0,summer,2018/7/18,15:30:00,28.4,47.0
2,1,22,178,65,20.52,1.6,-0.6,1.7,1.0,summer,2018/7/18,16:00:00,23.5,47.0
2,1,22,178,65,20.52,1.6,-0.5,0.8,1.0,summer,2018/7/18,16:30:00,22.5,47.0
2,1,22,178,65,20.52,1.6,0.0,1.7,1.0,summer,2018/7/18,17:00:00,22.5,47.0
2,1,22,178,65,20.52,1.6,0.8,0.7,0.0,summer,2018/7/18,17:30:00,25.0,48.0
2,1,22,178,65,20.52,1.6,-1.0,-1.0,0.0,summer,2018/7/19,  8:50,30.0,59.0
2,1,22,178,65,20.52,1.6,-1.0,-1.0,0.0,summer,2018/7/19,  9:00,29.9,57.0
2,1,22,178,65,20.52,1.6,0.0,0.0,1.0,summer,2018/7/19,9:30:00,27.1,46.0
2,1,22,178,65,20.52,1.6,0.0,0.0,1.0,summer,2018/7/19,10:00:00,27.0,45.0
2,1,22,178,65,20.52,1.6,0.0,0.0,1.0,summer,2018/7/19,10:30:00,26.6,47.0
2,1,22,178,65,20.52,1.6,-0.5,1.0,1.0,summer,2018/7/19,11:00:00,27.0,44.0
2,1,22,178,65,20.52,1.6,-0.5,1.0,1.0,summer,2018/7/19,11:30:00,26.2,47.0
2,1,22,178,65,20.52,1.6,-0.5,1.0,1.0,summer,2018/7/19,12:00:00,26.4,47.0
2,1,22,178,65,20.52,1.6,2.0,-1.5,1.0,summer,2018/7/19,14:20:00,30.5,52.0
2,1,22,178,65,20.52,1.6,2.0,-1.5,1.0,summer,2018/7/19,14:30:00,30.5,52.0
2,1,22,178,65,20.52,1.6,-1.0,-0.5,1.0,summer,2018/7/19,15:00:00,27.9,40.0
2,1,22,178,65,20.52,1.6,-0.5,-0.5,1.0,summer,2018/7/19,15:30:00,27.7,39.0
2,1,22,178,65,20.52,1.6,0.0,-1.0,1.0,summer,2018/7/19,16:00:00,27.6,41.0
2,1,22,178,65,20.52,1.6,0.0,0.0,1.0,summer,2018/7/19,16:30:00,27.4,44.0
2,1,22,178,65,20.52,1.6,-1.0,1.0,1.0,summer,2018/7/19,17:00:00,27.8,40.0
2,1,22,178,65,20.52,1.6,0.5,1.0,0.0,summer,2018/7/19,17:30:00,27.3,41.0
2,1,22,178,65,20.52,1.6,1.0,1.0,0.0,summer,2018/7/20,  8:50,31.6,56.0
2,1,22,178,65,20.52,1.6,0.5,0.5,0.0,summer,2018/7/20,  9:00,31.0,57.0
2,1,22,178,65,20.52,1.6,1.0,1.0,0.0,summer,2018/7/20,9:30:00,29.5,45.0
2,1,22,178,65,20.52,1.6,0.5,0.0,0.0,summer,2018/7/20,10:00:00,29.7,43.0
2,1,22,178,65,20.52,1.6,0.5,0.0,0.0,summer,2018/7/20,10:30:00,29.7,43.0
2,1,22,178,65,20.52,1.6,0.5,0.0,0.0,summer,2018/7/20,11:00:00,29.7,43.0
2,1,22,178,65,20.52,1.6,0.5,0.0,0.0,summer,2018/7/20,11:30:00,29.7,43.0
2,1,22,178,65,20.52,1.6,0.5,0.0,0.0,summer,2018/7/20,12:00:00,29.7,43.0
2,1,22,178,65,20.52,1.6,0.5,0.0,0.0,summer,2018/7/20,14:20:00,29.7,43.0
2,1,22,178,65,20.52,1.6,0.5,0.0,0.0,summer,2018/7/20,14:30:00,29.7,43.0
2,1,22,178,65,20.52,1.6,0.5,0.0,0.0,summer,2018/7/20,15:00:00,29.7,43.0
2,1,22,178,65,20.52,1.6,0.5,0.0,0.0,summer,2018/7/20,15:30:00,29.7,43.0
2,1,22,178,65,20.52,1.6,0.5,0.0,0.0,summer,2018/7/20,16:00:00,29.7,43.0
2,1,22,178,65,20.52,1.6,0.5,0.0,0.0,summer,2018/7/20,16:30:00,29.7,43.0
2,1,22,178,65,20.52,1.6,0.5,0.0,0.0,summer,2018/7/20,17:00:00,29.7,43.0
2,1,22,178,65,20.52,1.6,0.5,0.0,0.0,summer,2018/7/20,17:30:00,29.7,43.0
2,1,22,178,65,20.52,1.6,0.5,0.0,0.0,summer,2018/7/21,  8:50,29.7,43.0
2,1,22,178,65,20.52,1.6,0.5,0.0,0.0,summer,2018/7/21,  9:00,29.7,43.0
2,1,22,178,65,20.52,1.6,0.5,0.0,0.0,summer,2018/7/21,9:30:00,29.7,43.0
2,1,22,178,65,20.52,1.6,0.5,0.0,0.0,summer,2018/7/21,10:00:00,29.7,43.0
2,1,22,178,65,20.52,1.6,0.5,0.0,0.0,summer,2018/7/21,10:30:00,29.7,43.0
2,1,22,178,65,20.52,1.6,0.5,1.0,0.0,summer,2018/7/21,11:00:00,27.2,44.0
2,1,22,178,65,20.52,1.6,-0.5,1.0,0.0,summer,2018/7/21,11:30:00,27.2,43.0
2,1,22,178,65,20.52,1.6,-0.5,1.0,0.0,summer,2018/7/21,12:00:00,27.1,44.0
2,1,22,178,65,20.52,1.6,-0.5,1.0,0.0,summer,2018/7/21,14:20:00,25.7,46.0
2,1,22,178,65,20.52,1.6,-0.5,1.5,0.0,summer,2018/7/21,14:30:00,25.6,44.0
2,1,22,178,65,20.52,1.6,-1.0,-0.5,0.0,summer,2018/7/21,15:00:00,28.4,38.0
2,1,22,178,65,20.52,1.6,-0.5,-1.0,0.0,summer,2018/7/21,15:30:00,28.1,40.0
2,1,22,178,65,20.52,1.6,0.0,-1.0,1.0,summer,2018/7/21,16:00:00,25.3,44.0
2,1,22,178,65,20.52,1.6,0.0,0.0,0.0,summer,2018/7/21,16:30:00,26.4,42.0
2,1,22,178,65,20.52,1.6,-1.0,1.0,0.0,summer,2018/7/21,17:00:00,26.9,45.0
2,1,22,178,65,20.52,1.6,0.5,1.0,0.0,summer,2018/7/21,17:30:00,26.3,44.0
3,1,23,181,70,21.37,2.01,0.5,1.0,0.0,summer,2018/7/11,8:50:00,26.3,44.0
3,1,23,181,70,21.37,2.01,0.5,1.0,0.0,summer,2018/7/11,9:00:00,26.3,44.0
3,1,23,181,70,21.37,2.01,-0.3,2.7,0.0,summer,2018/7/11,9:30:00,25.2,54.0
3,1,23,181,70,21.37,2.01,-1.0,2.2,0.0,summer,2018/7/11,10:00:00,25.0,52.0
3,1,23,181,70,21.37,2.01,-0.8,1.2,0.0,summer,2018/7/11,10:30:00,24.9,54.0
3,1,23,181,70,21.37,2.01,-0.7,1.2,0.0,summer,2018/7/11,11:00:00,24.6,51.0
3,1,23,181,70,21.37,2.01,-0.7,0.7,0.0,summer,2018/7/11,11:30:00,24.5,52.0
3,1,23,181,70,21.37,2.01,0.0,0.7,0.0,summer,2018/7/11,12:00:00,25.9,52.0
3,1,23,181,70,21.37,2.01,-0.2,2.7,0.0,summer,2018/7/11,14:20:00,26.0,57.0
3,1,23,181,70,21.37,2.01,-0.2,2.7,0.0,summer,2018/7/11,14:30:00,26.0,57.0
3,1,23,181,70,21.37,2.01,0.0,2.5,0.0,summer,2018/7/11,15:00:00,25.2,53.0
3,1,23,181,70,21.37,2.01,0.0,2.5,0.0,summer,2018/7/11,15:30:00,24.8,51.0
3,1,23,181,70,21.37,2.01,0.0,2.7,0.0,summer,2018/7/11,16:00:00,24.7,53.0
3,1,23,181,70,21.37,2.01,-0.8,2.7,0.0,summer,2018/7/11,16:30:00,24.3,50.0
3,1,23,181,70,21.37,2.01,0.0,2.7,0.0,summer,2018/7/11,17:00:00,25.9,52.0
3,1,23,181,70,21.37,2.01,0.0,2.7,0.0,summer,2018/7/11,17:30:00,26.5,53.0
3,1,23,181,70,21.37,2.01,0.0,2.7,0.0,summer,2018/7/13,8:50:00,26.5,53.0
3,1,23,181,70,21.37,2.01,-1.2,0.8,0.0,summer,2018/7/13,9:00:00,23.4,61.0
3,1,23,181,70,21.37,2.01,0.0,2.7,0.0,summer,2018/7/13,9:30:00,25.0,60.0
3,1,23,181,70,21.37,2.01,0.3,2.7,0.0,summer,2018/7/13,10:00:00,25.5,60.0
3,1,23,181,70,21.37,2.01,0.2,2.6,0.0,summer,2018/7/13,10:30:00,26.0,59.0
3,1,23,181,70,21.37,2.01,0.3,2.7,0.0,summer,2018/7/13,11:00:00,26.3,59.0
3,1,23,181,70,21.37,2.01,0.3,2.5,0.0,summer,2018/7/13,11:30:00,26.7,58.0
3,1,23,181,70,21.37,2.01,0.0,2.5,0.0,summer,2018/7/13,12:00:00,25.1,54.0
3,1,23,181,70,21.37,2.01,-1.1,2.6,0.0,summer,2018/7/13,14:20:00,24.3,55.0
3,1,23,181,70,21.37,2.01,-0.9,2.7,0.0,summer,2018/7/13,14:30:00,24.4,53.0
3,1,23,181,70,21.37,2.01,-1.0,2.7,0.0,summer,2018/7/13,15:00:00,24.7,51.0
3,1,23,181,70,21.37,2.01,-0.5,2.7,0.0,summer,2018/7/13,15:30:00,25.0,51.0
3,1,23,181,70,21.37,2.01,0.0,2.8,0.0,summer,2018/7/13,16:00:00,25.2,51.0
3,1,23,181,70,21.37,2.01,0.0,2.8,0.0,summer,2018/7/13,16:30:00,25.2,52.0
3,1,23,181,70,21.37,2.01,-0.5,2.6,0.0,summer,2018/7/13,17:00:00,25.1,52.0
3,1,23,181,70,21.37,2.01,0.0,2.7,0.0,summer,2018/7/13,17:30:00,25.2,53.0
3,1,23,181,70,21.37,2.01,-1.7,2.2,0.0,summer,2018/7/14,8:50:00,22.5,60.0
3,1,23,181,70,21.37,2.01,-1.2,2.2,0.0,summer,2018/7/14,9:00:00,22.7,67.0
3,1,23,181,70,21.37,2.01,-0.5,2.7,0.0,summer,2018/7/14,9:30:00,24.5,64.0
3,1,23,181,70,21.37,2.01,0.0,2.7,0.0,summer,2018/7/14,10:00:00,25.3,63.0
3,1,23,181,70,21.37,2.01,0.0,2.7,0.0,summer,2018/7/14,10:30:00,25.8,64.0
3,1,23,181,70,21.37,2.01,0.0,2.7,0.0,summer,2018/7/14,11:00:00,26.4,63.0
3,1,23,181,70,21.37,2.01,-0.4,2.7,0.0,summer,2018/7/14,11:30:00,24.9,54.0
3,1,23,181,70,21.37,2.01,-0.5,2.8,0.0,summer,2018/7/14,12:00:00,24.7,52.0
3,1,23,181,70,21.37,2.01,-1.0,2.5,0.0,summer,2018/7/14,14:20:00,23.5,57.0
3,1,23,181,70,21.37,2.01,-1.0,2.5,0.0,summer,2018/7/14,14:30:00,23.6,58.0
3,1,23,181,70,21.37,2.01,0.0,2.7,0.0,summer,2018/7/14,15:00:00,25.2,56.0
3,1,23,181,70,21.37,2.01,0.0,2.7,0.0,summer,2018/7/14,15:30:00,25.8,54.0
3,1,23,181,70,21.37,2.01,0.2,2.5,0.0,summer,2018/7/14,16:00:00,26.5,52.0
3,1,23,181,70,21.37,2.01,0.0,2.7,0.0,summer,2018/7/14,16:30:00,26.7,51.0
3,1,23,181,70,21.37,2.01,0.0,2.7,0.0,summer,2018/7/14,17:00:00,25.4,49.0
3,1,23,181,70,21.37,2.01,0.0,2.7,0.0,summer,2018/7/14,17:30:00,25.4,48.0
3,1,23,181,70,21.37,2.01,1.2,2.3,0.0,summer,2018/7/15,8:50:00,27.5,60.0
3,1,23,181,70,21.37,2.01,1.0,2.2,0.0,summer,2018/7/15,9:00:00,27.6,61.0
3,1,23,181,70,21.37,2.01,0.0,2.8,0.0,summer,2018/7/15,9:30:00,26.4,53.0
3,1,23,181,70,21.37,2.01,0.0,2.7,0.0,summer,2018/7/15,10:00:00,26.3,53.0
3,1,23,181,70,21.37,2.01,0.0,2.7,0.0,summer,2018/7/15,10:30:00,26.1,51.0
3,1,23,181,70,21.37,2.01,-0.5,2.7,0.0,summer,2018/7/15,11:00:00,25.3,46.0
3,1,23,181,70,21.37,2.01,0.0,2.7,0.0,summer,2018/7/15,11:30:00,26.4,50.0
3,1,23,181,70,21.37,2.01,0.0,2.7,0.0,summer,2018/7/15,12:00:00,26.7,51.0
3,1,23,181,70,21.37,2.01,0.2,2.7,0.0,summer,2018/7/15,14:20:00,26.8,52.0
3,1,23,181,70,21.37,2.01,0.0,2.7,0.0,summer,2018/7/15,14:30:00,26.8,52.0
3,1,23,181,70,21.37,2.01,0.5,2.5,0.0,summer,2018/7/15,15:00:00,27.1,53.0
3,1,23,181,70,21.37,2.01,0.7,2.2,0.0,summer,2018/7/15,15:30:00,27.5,51.0
3,1,23,181,70,21.37,2.01,0.0,2.8,0.0,summer,2018/7/15,16:00:00,26.5,48.0
3,1,23,181,70,21.37,2.01,0.0,2.7,0.0,summer,2018/7/15,16:30:00,26.5,49.0
3,1,23,181,70,21.37,2.01,0.0,2.8,0.0,summer,2018/7/15,17:00:00,26.3,47.0
3,1,23,181,70,21.37,2.01,0.0,2.7,0.0,summer,2018/7/15,17:30:00,26.4,48.0
3,1,23,181,70,21.37,2.01,1.0,2.0,0.0,summer,2018/7/16,8:50:00,28.2,56.0
3,1,23,181,70,21.37,2.01,1.0,2.0,0.0,summer,2018/7/16,9:00:00,28.2,57.0
3,1,23,181,70,21.37,2.01,0.0,2.8,0.0,summer,2018/7/16,9:30:00,26.8,50.0
3,1,23,181,70,21.37,2.01,0.0,0.0,0.0,summer,2018/7/16,10:00:00,50.0,2.7
3,1,23,181,70,21.37,2.01,0.0,2.7,0.0,summer,2018/7/16,10:30:00,26.1,47.0
4,0,22,162,53,20.2,0.52,2.0,0.5,0.0,summer,2018/7/7,8:50:00,27.9,56.0
4,0,22,162,53,20.2,0.52,3.0,0.5,0.0,summer,2018/7/7,9:00:00,27.1,56.0
4,0,22,162,53,20.2,0.52,1.5,0.7,0.0,summer,2018/7/7,9:30:00,26.5,59.0
4,0,22,162,53,20.2,0.52,0.0,2.0,0.0,summer,2018/7/7,10:00:00,27.1,52.0
4,0,22,162,53,20.2,0.52,-0.5,2.5,0.0,summer,2018/7/7,10:30:00,26.9,51.0
4,0,22,162,53,20.2,0.52,-0.5,2.5,0.0,summer,2018/7/7,11:00:00,26.7,50.0
4,0,22,162,53,20.2,0.52,-0.5,1.5,0.0,summer,2018/7/7,11:30:00,26.3,44.0
4,0,22,162,53,20.2,0.52,-1.0,1.0,0.0,summer,2018/7/7,12:00:00,26.2,44.0
4,0,22,162,53,20.2,0.52,1.0,0.5,0.0,summer,2018/7/7,14:20:00,24.9,48.0
4,0,22,162,53,20.2,0.52,0.5,1.5,0.0,summer,2018/7/7,14:30:00,25.9,47.0
4,0,22,162,53,20.2,0.52,0.0,2.5,0.0,summer,2018/7/7,15:00:00,26.1,44.0
4,0,22,162,53,20.2,0.52,0.5,1.55,0.0,summer,2018/7/7,15:30:00,27.5,47.0
4,0,22,162,53,20.2,0.52,2.5,-0.5,0.0,summer,2018/7/7,16:00:00,27.7,48.0
4,0,22,162,53,20.2,0.52,0.5,1.5,0.0,summer,2018/7/7,16:30:00,27.0,50.0
4,0,22,162,53,20.2,0.52,-1.0,1.0,0.0,summer,2018/7/7,17:00:00,26.1,42.0
4,0,22,162,53,20.2,0.52,-1.5,-0.5,0.0,summer,2018/7/7,17:30:00,25.3,43.0
4,0,22,162,53,20.2,0.52,1.0,-1.5,0.0,summer,2018/7/8,8:50:00,21.8,63.0
4,0,22,162,53,20.2,0.52,1.0,-0.5,0.0,summer,2018/7/8,9:00:00,22.1,62.0
4,0,22,162,53,20.2,0.52,-2.0,-2.0,0.0,summer,2018/7/8,9:30:00,22.5,57.0
4,0,22,162,53,20.2,0.52,-0.5,0.5,0.0,summer,2018/7/8,10:00:00,24.2,55.0
4,0,22,162,53,20.2,0.52,-0.5,1.0,0.0,summer,2018/7/8,10:30:00,25.2,63.0
4,0,22,162,53,20.2,0.52,-0.5,1.5,0.0,summer,2018/7/8,11:00:00,25.8,68.0
4,0,22,162,53,20.2,0.52,-0.5,2.0,0.0,summer,2018/7/8,11:30:00,26.0,64.0
4,0,22,162,53,20.2,0.52,-0.5,1.5,0.0,summer,2018/7/8,12:00:00,26.3,62.0
4,0,22,162,53,20.2,0.52,1.5,-0.5,0.0,summer,2018/7/8,14:20:00,23.2,55.0
4,0,22,162,53,20.2,0.52,-0.5,-0.5,0.0,summer,2018/7/8,14:30:00,22.9,58.0
4,0,22,162,53,20.2,0.52,-1.5,-1.5,0.0,summer,2018/7/8,15:00:00,22.6,56.0
4,0,22,162,53,20.2,0.52,0.0,1.5,0.0,summer,2018/7/8,15:30:00,25.2,58.0
4,0,22,162,53,20.2,0.52,0.0,2.5,0.0,summer,2018/7/8,16:00:00,25.7,59.0
4,0,22,162,53,20.2,0.52,0.0,2.5,0.0,summer,2018/7/8,16:30:00,26.1,61.0
4,0,22,162,53,20.2,0.52,0.5,0.5,0.0,summer,2018/7/8,17:00:00,26.3,62.0
4,0,22,162,53,20.2,0.52,1.0,-0.5,0.0,summer,2018/7/8,17:30:00,26.5,63.0
4,0,22,162,53,20.2,0.52,-3.0,-3.0,0.0,summer,2018/7/9,8:50:00,21.7,61.0
4,0,22,162,53,20.2,0.52,-1.5,-1.0,0.0,summer,2018/7/9,9:00:00,22.4,64.0
4,0,22,162,53,20.2,0.52,-2.0,-2.0,0.0,summer,2018/7/9,9:30:00,22.2,59.0
4,0,22,162,53,20.2,0.52,-1.0,0.5,0.0,summer,2018/7/9,10:00:00,24.7,57.0
4,0,22,162,53,20.2,0.52,0.0,1.5,0.0,summer,2018/7/9,10:30:00,25.4,60.0
4,0,22,162,53,20.2,0.52,0.0,2.0,0.0,summer,2018/7/9,11:00:00,25.7,60.0
4,0,22,162,53,20.2,0.52,0.0,1.5,0.0,summer,2018/7/9,11:30:00,26.0,60.0
4,0,22,162,53,20.2,0.52,0.0,1.0,0.0,summer,2018/7/9,12:00:00,26.2,60.0
4,0,22,162,53,20.2,0.52,2.0,-1.0,0.0,summer,2018/7/9,14:20:00,25.9,60.0
4,0,22,162,53,20.2,0.52,2.0,-1.0,0.0,summer,2018/7/9,14:30:00,26.1,60.0
4,0,22,162,53,20.2,0.52,0.0,0.5,0.0,summer,2018/7/9,15:00:00,25.0,58.0
4,0,22,162,53,20.2,0.52,-1.0,0.0,0.0,summer,2018/7/9,15:30:00,24.6,60.0
4,0,22,162,53,20.2,0.52,-1.0,-1.0,0.0,summer,2018/7/9,16:00:00,24.8,53.0
4,0,22,162,53,20.2,0.52,0.0,1.0,0.0,summer,2018/7/9,16:30:00,24.5,60.0
4,0,22,162,53,20.2,0.52,0.5,1.0,0.0,summer,2018/7/9,17:00:00,24.4,60.0
4,0,22,162,53,20.2,0.52,0.5,1.5,0.0,summer,2018/7/9,17:30:00,24.4,61.0
4,0,22,162,53,20.2,0.52,2.5,-1.5,0.0,summer,2018/7/10,8:50:00,26.1,59.0
4,0,22,162,53,20.2,0.52,2.0,-2.0,0.0,summer,2018/7/10,9:00:00,26.4,60.0
4,0,22,162,53,20.2,0.52,1.0,0.0,0.0,summer,2018/7/10,9:30:00,26.9,60.0
4,0,22,162,53,20.2,0.52,0.0,1.0,0.0,summer,2018/7/10,10:00:00,24.8,59.0
4,0,22,162,53,20.2,0.52,-1.0,-1.0,0.0,summer,2018/7/10,10:30:00,24.4,56.0
4,0,22,162,53,20.2,0.52,-2.0,-1.5,0.0,summer,2018/7/10,11:00:00,23.7,53.0
4,0,22,162,53,20.2,0.52,-0.5,0.5,0.0,summer,2018/7/10,11:30:00,25.1,50.0
4,0,22,162,53,20.2,0.52,-1.5,-0.5,0.0,summer,2018/7/10,12:00:00,24.9,49.0
4,0,22,162,53,20.2,0.52,2.0,-2.0,0.0,summer,2018/7/10,14:20:00,24.0,55.0
4,0,22,162,53,20.2,0.52,0.5,1.5,0.0,summer,2018/7/10,14:30:00,24.4,55.0
4,0,22,162,53,20.2,0.52,0.0,2.5,0.0,summer,2018/7/10,15:00:00,25.9,55.0
4,0,22,162,53,20.2,0.52,-0.5,2.0,0.0,summer,2018/7/10,15:30:00,26.7,55.0
4,0,22,162,53,20.2,0.52,0.5,-0.5,0.0,summer,2018/7/10,16:00:00,26.8,59.0
4,0,22,162,53,20.2,0.52,0.0,3.0,0.0,summer,2018/7/10,16:30:00,27.2,60.0
4,0,22,162,53,20.2,0.52,0.5,1.5,0.0,summer,2018/7/10,17:00:00,27.4,60.0
4,0,22,162,53,20.2,0.52,1.0,1.0,0.0,summer,2018/7/10,17:30:00,27.5,61.0
4,0,22,162,53,20.2,0.52,3.0,-3.0,0.0,summer,2018/7/11,8:50:00,26.4,60.0
4,0,22,162,53,20.2,0.52,2.5,-2.5,0.0,summer,2018/7/11,9:00:00,26.4,61.0
4,0,22,162,53,20.2,0.52,2.5,-1.5,0.0,summer,2018/7/11,9:30:00,26.9,61.0
4,0,22,162,53,20.2,0.52,-1.0,0.5,0.0,summer,2018/7/11,10:00:00,24.5,58.0
4,0,22,162,53,20.2,0.52,-1.5,0.5,0.0,summer,2018/7/11,10:30:00,24.0,54.0
4,0,22,162,53,20.2,0.52,-2.0,-2.0,0.0,summer,2018/7/11,11:00:00,24.0,53.0
4,0,22,162,53,20.2,0.52,-2.0,-2.5,0.0,summer,2018/7/11,11:30:00,24.2,54.0
4,0,22,162,53,20.2,0.52,-3.0,-3.0,0.0,summer,2018/7/11,12:00:00,23.5,53.0
4,0,22,162,53,20.2,0.52,2.0,-2.0,0.0,summer,2018/7/11,14:20:00,23.3,56.0
4,0,22,162,53,20.2,0.52,0.0,1.5,0.0,summer,2018/7/11,14:30:00,23.9,57.0
4,0,22,162,53,20.2,0.52,0.0,0.5,0.0,summer,2018/7/11,15:00:00,24.5,52.0
4,0,22,162,53,20.2,0.52,0.5,0.5,0.0,summer,2018/7/11,15:30:00,25.2,51.0
4,0,22,162,53,20.2,0.52,-0.5,1.5,0.0,summer,2018/7/11,16:00:00,25.8,53.0
4,0,22,162,53,20.2,0.52,1.0,0.5,0.0,summer,2018/7/11,16:30:00,26.3,53.0
4,0,22,162,53,20.2,0.52,1.0,0.5,0.0,summer,2018/7/11,17:00:00,26.5,55.0
4,0,22,162,53,20.2,0.52,1.0,-1.0,0.0,summer,2018/7/11,17:30:00,26.8,57.0
4,0,22,162,53,20.2,0.52,2.5,-1.5,0.0,summer,2018/7/12,8:50:00,22.1,58.0
4,0,22,162,53,20.2,0.52,0.5,1.5,0.0,summer,2018/7/12,9:00:00,23.0,57.0
4,0,22,162,53,20.2,0.52,-0.5,0.5,0.0,summer,2018/7/12,9:30:00,23.5,57.0
4,0,22,162,53,20.2,0.52,1.0,0.5,0.0,summer,2018/7/12,10:00:00,25.0,56.0
4,0,22,162,53,20.2,0.52,1.5,-0.5,0.0,summer,2018/7/12,10:30:00,25.6,56.0
4,0,22,162,53,20.2,0.52,0.0,2.0,0.0,summer,2018/7/12,11:00:00,26.0,57.0
4,0,22,162,53,20.2,0.52,0.0,2.0,0.0,summer,2018/7/12,11:30:00,26.4,57.0
4,0,22,162,53,20.2,0.52,0.0,3.0,0.0,summer,2018/7/12,12:00:00,26.5,57.0
4,0,22,162,53,20.2,0.52,2.0,-2.5,0.0,summer,2018/7/12,14:20:00,26.1,57.0
4,0,22,162,53,20.2,0.52,1.0,1.0,0.0,summer,2018/7/12,14:30:00,25.0,56.0
4,0,22,162,53,20.2,0.52,0.0,1.0,0.0,summer,2018/7/12,15:00:00,24.4,45.0
4,0,22,162,53,20.2,0.52,-1.0,1.5,0.0,summer,2018/7/12,15:30:00,23.7,53.0
4,0,22,162,53,20.2,0.52,-1.5,-1.5,0.0,summer,2018/7/12,16:00:00,23.0,52.0
4,0,22,162,53,20.2,0.52,-1.5,-1.5,0.0,summer,2018/7/12,16:30:00,23.4,56.0
4,0,22,162,53,20.2,0.52,-0.5,1.5,0.0,summer,2018/7/12,17:00:00,24.9,63.0
4,0,22,162,53,20.2,0.52,-1.0,0.5,0.0,summer,2018/7/12,17:30:00,25.5,60.0
4,0,22,162,53,20.2,0.52,2.5,-3.0,0.0,summer,2018/7/13,8:50:00,26.2,59.0
4,0,22,162,53,20.2,0.52,2.0,-3.0,0.0,summer,2018/7/13,9:00:00,26.4,59.0
4,0,22,162,53,20.2,0.52,1.0,1.0,0.0,summer,2018/7/13,9:30:00,24.9,60.0
4,0,22,162,53,20.2,0.52,-0.5,2.5,0.0,summer,2018/7/13,10:00:00,25.3,51.0
4,0,22,162,53,20.2,0.52,-1.5,-0.5,0.0,summer,2018/7/13,10:30:00,24.8,47.0
4,0,22,162,53,20.2,0.52,-2.0,0.5,0.0,summer,2018/7/13,11:00:00,25.0,51.0
4,0,22,162,53,20.2,0.52,-1.0,1.0,0.0,summer,2018/7/13,11:30:00,24.0,55.0
4,0,22,162,53,20.2,0.52,0.0,1.0,0.0,summer,2018/7/13,12:00:00,23.9,55.0
4,0,22,162,53,20.2,0.52,3.0,-3.0,0.0,summer,2018/7/13,14:20:00,25.2,63.0
4,0,22,162,53,20.2,0.52,2.0,-1.5,0.0,summer,2018/7/13,14:30:00,25.6,58.0
4,0,22,162,53,20.2,0.52,0.0,3.0,0.0,summer,2018/7/13,15:00:00,25.4,48.0
4,0,22,162,53,20.2,0.52,0.0,3.0,0.0,summer,2018/7/13,15:30:00,25.5,47.0
4,0,22,162,53,20.2,0.52,1.0,1.5,0.0,summer,2018/7/13,16:00:00,25.7,45.0
4,0,22,162,53,20.2,0.52,2.0,-1.5,0.0,summer,2018/7/13,16:30:00,26.8,49.0
4,0,22,162,53,20.2,0.52,2.0,2.0,0.0,summer,2018/7/13,17:00:00,27.3,52.0
4,0,22,162,53,20.2,0.52,1.0,2.5,0.0,summer,2018/7/13,17:30:00,27.5,53.0
4,0,22,162,53,20.2,0.52,2.5,0.0,0.0,summer,2018/7/16,8:50:00,28.1,54.0
4,0,22,162,53,20.2,0.52,3.0,-3.0,0.0,summer,2018/7/16,9:00:00,28.6,55.0
4,0,22,162,53,20.2,0.52,3.0,-2.0,0.0,summer,2018/7/16,9:30:00,28.2,58.0
4,0,22,162,53,20.2,0.52,1.5,1.0,0.0,summer,2018/7/16,10:00:00,28.2,56.0
4,0,22,162,53,20.2,0.52,0.0,-0.5,0.0,summer,2018/7/16,10:30:00,24.4,50.0
4,0,22,162,53,20.2,0.52,0.0,-0.5,0.0,summer,2018/7/16,11:00:00,24.4,50.0
4,0,22,162,53,20.2,0.52,0.0,-0.5,0.0,summer,2018/7/16,11:30:00,24.4,50.0
4,0,22,162,53,20.2,0.52,0.0,-0.5,0.0,summer,2018/7/16,12:00:00,24.4,50.0
4,0,22,162,53,20.2,0.52,2.0,-2.0,0.0,summer,2018/7/16,14:20:00,25.7,53.0
4,0,22,162,53,20.2,0.52,2.5,-3.0,0.0,summer,2018/7/16,14:30:00,26.0,53.0
4,0,22,162,53,20.2,0.52,0.0,2.0,0.0,summer,2018/7/16,15:00:00,26.9,49.0
4,0,22,162,53,20.2,0.52,-1.0,1.5,0.0,summer,2018/7/16,15:30:00,26.6,50.0
4,0,22,162,53,20.2,0.52,-1.5,1.5,1.0,summer,2018/7/16,16:00:00,27.2,46.0
4,0,22,162,53,20.2,0.52,-3.0,-3.0,1.0,summer,2018/7/16,16:30:00,25.8,46.0
4,0,22,162,53,20.2,0.52,-3.0,-3.0,1.0,summer,2018/7/16,17:00:00,24.3,49.0
4,0,22,162,53,20.2,0.52,-3.0,-3.0,1.0,summer,2018/7/16,17:30:00,23.9,50.0
4,0,22,162,53,20.2,0.52,-3.0,-3.0,1.0,summer,2018/7/16,18:00:00,23.9,50.0
4,0,22,162,53,20.2,0.52,0.0,-0.5,0.0,summer,2018/7/17,8:50:00,22.9,54.0
4,0,22,162,53,20.2,0.52,0.0,1.0,0.0,summer,2018/7/17,9:00:00,23.4,54.0
4,0,22,162,53,20.2,0.52,0.0,3.0,0.0,summer,2018/7/17,9:30:00,25.0,52.0
4,0,22,162,53,20.2,0.52,0.0,2.0,0.0,summer,2018/7/17,10:00:00,26.1,56.0
4,0,22,162,53,20.2,0.52,0.5,2.0,0.0,summer,2018/7/17,10:30:00,26.6,58.0
4,0,22,162,53,20.2,0.52,0.5,2.0,0.0,summer,2018/7/17,11:00:00,27.2,60.0
4,0,22,162,53,20.2,0.52,1.5,1.5,0.0,summer,2018/7/17,11:30:00,27.4,57.0
4,0,22,162,53,20.2,0.52,1.5,3.0,0.0,summer,2018/7/17,12:00:00,28.0,59.0
4,0,22,162,53,20.2,0.52,3.0,-3.0,0.0,summer,2018/7/17,14:20:00,27.6,62.0
4,0,22,162,53,20.2,0.52,3.0,-3.0,0.0,summer,2018/7/17,14:30:00,28.3,63.0
4,0,22,162,53,20.2,0.52,-1.0,0.5,1.0,summer,2018/7/17,15:00:00,26.7,49.0
4,0,22,162,53,20.2,0.52,-2.0,-2.0,1.0,summer,2018/7/17,15:30:00,24.2,49.0
4,0,22,162,53,20.2,0.52,-2.5,-2.5,1.0,summer,2018/7/17,16:00:00,23.9,52.0
4,0,22,162,53,20.2,0.52,-3.0,-3.0,1.0,summer,2018/7/17,16:30:00,23.9,54.0
4,0,22,162,53,20.2,0.52,0.5,2.0,0.0,summer,2018/7/17,17:00:00,26.7,54.0
4,0,22,162,53,20.2,0.52,2.0,0.5,0.0,summer,2018/7/17,17:30:00,27.7,54.0
4,0,22,162,53,20.2,0.52,3.0,-3.0,0.0,summer,2018/7/18,8:50:00,27.5,61.0
4,0,22,162,53,20.2,0.52,3.0,-3.0,0.0,summer,2018/7/18,9:00:00,27.8,60.0
4,0,22,162,53,20.2,0.52,-1.0,0.0,1.0,summer,2018/7/18,9:30:00,24.0,50.0
4,0,22,162,53,20.2,0.52,-2.0,-1.0,1.0,summer,2018/7/18,10:00:00,22.8,50.0
4,0,22,162,53,20.2,0.52,-2.5,-2.0,1.0,summer,2018/7/18,10:30:00,22.6,51.0
4,0,22,162,53,20.2,0.52,0.0,2.0,0.0,summer,2018/7/18,11:00:00,25.7,52.0
4,0,22,162,53,20.2,0.52,0.0,3.0,0.0,summer,2018/7/18,11:30:00,27.1,54.0
4,0,22,162,53,20.2,0.52,1.0,1.0,0.0,summer,2018/7/18,12:00:00,27.9,55.0
4,0,22,162,53,20.2,0.52,-0.5,-1.0,0.0,summer,2018/7/18,14:20:00,26.5,49.0
4,0,22,162,53,20.2,0.52,-1.0,-1.0,0.0,summer,2018/7/18,14:30:00,26.7,50.0
4,0,22,162,53,20.2,0.52,1.0,2.0,0.0,summer,2018/7/18,15:00:00,27.3,50.0
4,0,22,162,53,20.2,0.52,1.5,1.0,0.0,summer,2018/7/18,15:30:00,27.9,48.0
4,0,22,162,53,20.2,0.52,-1.0,-1.0,1.0,summer,2018/7/18,16:00:00,23.9,47.0
4,0,22,162,53,20.2,0.52,-2.0,-2.0,1.0,summer,2018/7/18,16:30:00,23.2,46.0
4,0,22,162,53,20.2,0.52,-1.5,-1.5,1.0,summer,2018/7/18,17:00:00,22.9,47.0
4,0,22,162,53,20.2,0.52,1.5,0.0,0.0,summer,2018/7/18,17:30:00,24.6,49.0
4,0,22,162,53,20.2,0.52,2.0,-2.0,0.0,summer,2018/7/19,8:50:00,30.2,56.0
4,0,22,162,53,20.2,0.52,3.0,-3.0,0.0,summer,2018/7/19,9:00:00,30.3,58.0
4,0,22,162,53,20.2,0.52,2.0,-2.0,1.0,summer,2018/7/19,9:30:00,27.7,45.0
4,0,22,162,53,20.2,0.52,0.0,0.0,1.0,summer,2018/7/19,10:00:00,26.6,45.0
4,0,22,162,53,20.2,0.52,-0.5,-0.5,1.0,summer,2018/7/19,10:30:00,26.1,47.0
4,0,22,162,53,20.2,0.52,-0.5,2.0,1.0,summer,2018/7/19,11:00:00,25.9,47.0
4,0,22,162,53,20.2,0.52,-1.5,0.0,1.0,summer,2018/7/19,11:30:00,26.0,48.0
4,0,22,162,53,20.2,0.52,-2.0,-1.0,0.0,summer,2018/7/19,12:00:00,25.9,48.0
4,0,22,162,53,20.2,0.52,-2.0,-1.0,0.0,summer,2018/7/19,14:20:00,25.9,48.0
4,0,22,162,53,20.2,0.52,-2.0,-1.0,0.0,summer,2018/7/19,14:30:00,25.9,48.0
4,0,22,162,53,20.2,0.52,-2.0,-1.0,0.0,summer,2018/7/19,15:00:00,25.9,48.0
4,0,22,162,53,20.2,0.52,-2.0,-1.0,0.0,summer,2018/7/19,15:30:00,25.9,48.0
4,0,22,162,53,20.2,0.52,-2.0,-1.0,0.0,summer,2018/7/19,16:00:00,25.9,48.0
4,0,22,162,53,20.2,0.52,-2.0,-1.0,0.0,summer,2018/7/19,16:30:00,25.9,48.0
4,0,22,162,53,20.2,0.52,-2.0,-1.0,0.0,summer,2018/7/19,17:00:00,25.9,48.0
4,0,22,162,53,20.2,0.52,-2.0,-1.0,0.0,summer,2018/7/19,17:30:00,25.9,48.0
4,0,22,162,53,20.2,0.52,3.0,-3.0,0.0,summer,2018/7/20,8:50:00,29.3,52.0
4,0,22,162,53,20.2,0.52,2.5,-2.0,0.0,summer,2018/7/20,9:00:00,29.4,55.0
4,0,22,162,53,20.2,0.52,2.0,-2.0,0.0,summer,2018/7/20,9:30:00,28.3,50.0
4,0,22,162,53,20.2,0.52,0.5,1.0,0.0,summer,2018/7/20,10:00:00,27.5,46.0
4,0,22,162,53,20.2,0.52,0.0,2.0,0.0,summer,2018/7/20,10:30:00,26.1,44.0
4,0,22,162,53,20.2,0.52,0.0,3.0,0.0,summer,2018/7/20,11:00:00,25.7,45.0
4,0,22,162,53,20.2,0.52,0.0,2.0,0.0,summer,2018/7/20,11:30:00,25.6,46.0
4,0,22,162,53,20.2,0.52,-1.0,3.0,0.0,summer,2018/7/20,12:00:00,25.9,48.0
4,0,22,162,53,20.2,0.52,3.0,-3.0,0.0,summer,2018/7/20,14:20:00,25.0,49.0
4,0,22,162,53,20.2,0.52,2.5,-2.0,0.0,summer,2018/7/20,14:30:00,25.3,49.0
4,0,22,162,53,20.2,0.52,0.0,2.0,1.0,summer,2018/7/20,15:00:00,23.1,46.0
4,0,22,162,53,20.2,0.52,-1.0,1.0,1.0,summer,2018/7/20,15:30:00,22.4,49.0
4,0,22,162,53,20.2,0.52,-2.5,-2.0,1.0,summer,2018/7/20,16:00:00,22.0,48.0
4,0,22,162,53,20.2,0.52,-1.5,-1.0,0.0,summer,2018/7/20,16:30:00,25.0,47.0
4,0,22,162,53,20.2,0.52,0.5,2.0,0.0,summer,2018/7/20,17:00:00,25.9,46.0
4,0,22,162,53,20.2,0.52,1.5,0.0,0.0,summer,2018/7/20,17:30:00,26.3,46.0
4,0,22,162,53,20.2,0.52,2.0,-1.0,0.0,summer,2018/7/21,8:50:00,27.3,53.0
4,0,22,162,53,20.2,0.52,2.5,-3.0,0.0,summer,2018/7/21,9:00:00,27.6,53.0
4,0,22,162,53,20.2,0.52,0.5,2.0,0.0,summer,2018/7/21,9:30:00,26.3,49.0
4,0,22,162,53,20.2,0.52,0.0,2.5,0.0,summer,2018/7/21,10:00:00,25.9,46.0
4,0,22,162,53,20.2,0.52,0.5,2.0,0.0,summer,2018/7/21,10:30:00,25.9,47.0
4,0,22,162,53,20.2,0.52,-0.5,1.0,0.0,summer,2018/7/21,11:00:00,26.0,46.0
4,0,22,162,53,20.2,0.52,1.0,0.5,0.0,summer,2018/7/21,11:30:00,25.9,45.0
4,0,22,162,53,20.2,0.52,1.0,0.0,0.0,summer,2018/7/21,12:00:00,26.0,45.0
4,0,22,162,53,20.2,0.52,3.0,-3.0,0.0,summer,2018/7/21,14:20:00,23.8,47.0
4,0,22,162,53,20.2,0.52,2.0,-2.0,0.0,summer,2018/7/21,14:30:00,24.2,46.0
4,0,22,162,53,20.2,0.52,0.0,2.0,0.0,summer,2018/7/21,15:00:00,25.2,46.0
4,0,22,162,53,20.2,0.52,3.0,-3.0,1.0,summer,2018/7/21,15:30:00,24.8,44.0
4,0,22,162,53,20.2,0.52,0.5,0.0,0.0,summer,2018/7/21,16:00:00,24.7,46.0
4,0,22,162,53,20.2,0.52,1.0,2.0,0.0,summer,2018/7/21,16:30:00,25.3,45.0
4,0,22,162,53,20.2,0.52,2.0,0.0,0.0,summer,2018/7/21,17:00:00,25.8,47.0
4,0,22,162,53,20.2,0.52,2.0,-1.0,0.0,summer,2018/7/21,17:30:00,25.4,46.0
5,1,24,180,62,19.14,1.05,1.3,-0.5,0.0,summer,2018/7/7,8:50:00,27.8,54.0
5,1,24,180,62,19.14,1.05,0.8,0.3,0.0,summer,2018/7/7,9:00:00,27.4,56.0
5,1,24,180,62,19.14,1.05,0.4,0.3,0.0,summer,2018/7/7,9:30:00,27.3,57.0
5,1,24,180,62,19.14,1.05,0.5,0.5,0.0,summer,2018/7/7,10:00:00,26.8,53.0
5,1,24,180,62,19.14,1.05,0.2,1.7,0.0,summer,2018/7/7,10:30:00,26.5,51.0
5,1,24,180,62,19.14,1.05,0.0,1.2,0.0,summer,2018/7/7,11:00:00,26.7,50.0
5,1,24,180,62,19.14,1.05,0.0,1.6,0.0,summer,2018/7/7,11:30:00,25.7,45.0
5,1,24,180,62,19.14,1.05,0.0,2.6,0.0,summer,2018/7/7,12:00:00,25.7,45.0
5,1,24,180,62,19.14,1.05,0.9,0.7,0.0,summer,2018/7/7,14:20:00,25.3,44.0
5,1,24,180,62,19.14,1.05,0.3,1.6,0.0,summer,2018/7/7,14:30:00,25.5,47.0
5,1,24,180,62,19.14,1.05,0.0,2.0,0.0,summer,2018/7/7,15:00:00,25.8,45.0
5,1,24,180,62,19.14,1.05,0.9,1.3,0.0,summer,2018/7/7,15:30:00,28.6,43.0
5,1,24,180,62,19.14,1.05,0.4,1.2,0.0,summer,2018/7/7,16:00:00,28.5,45.0
5,1,24,180,62,19.14,1.05,-0.2,2.2,0.0,summer,2018/7/7,16:30:00,27.7,47.0
5,1,24,180,62,19.14,1.05,-0.3,1.3,0.0,summer,2018/7/7,17:00:00,25.8,42.0
5,1,24,180,62,19.14,1.05,-0.5,1.6,0.0,summer,2018/7/7,17:30:00,24.9,44.0
5,1,24,180,62,19.14,1.05,-0.2,1.9,0.0,summer,2018/7/8,8:50:00,22.6,60.0
5,1,24,180,62,19.14,1.05,-0.3,2.1,0.0,summer,2018/7/8,9:00:00,22.8,60.0
5,1,24,180,62,19.14,1.05,-0.2,1.7,0.0,summer,2018/7/8,9:30:00,23.4,54.0
5,1,24,180,62,19.14,1.05,0.0,1.5,0.0,summer,2018/7/8,10:00:00,25.6,52.0
5,1,24,180,62,19.14,1.05,0.1,1.7,0.0,summer,2018/7/8,10:30:00,26.1,60.0
5,1,24,180,62,19.14,1.05,0.0,2.2,0.0,summer,2018/7/8,11:00:00,26.6,64.0
5,1,24,180,62,19.14,1.05,0.0,1.7,0.0,summer,2018/7/8,11:30:00,27.1,61.0
5,1,24,180,62,19.14,1.05,0.1,1.7,0.0,summer,2018/7/8,12:00:00,27.2,59.0
5,1,24,180,62,19.14,1.05,-0.2,1.0,0.0,summer,2018/7/8,14:20:00,23.6,54.0
5,1,24,180,62,19.14,1.05,-0.3,1.7,0.0,summer,2018/7/8,14:30:00,23.9,55.0
5,1,24,180,62,19.14,1.05,-0.2,1.7,0.0,summer,2018/7/8,15:00:00,23.7,52.0
5,1,24,180,62,19.14,1.05,0.0,2.3,0.0,summer,2018/7/8,15:30:00,26.1,54.0
5,1,24,180,62,19.14,1.05,0.0,2.2,0.0,summer,2018/7/8,16:00:00,26.7,57.0
5,1,24,180,62,19.14,1.05,0.2,1.7,0.0,summer,2018/7/8,16:30:00,27.0,58.0
5,1,24,180,62,19.14,1.05,0.2,1.3,0.0,summer,2018/7/8,17:00:00,27.2,59.0
5,1,24,180,62,19.14,1.05,0.3,1.2,0.0,summer,2018/7/8,17:30:00,27.4,60.0
5,1,24,180,62,19.14,1.05,0.2,1.3,0.0,summer,2018/7/9,8:50:00,23.2,83.0
5,1,24,180,62,19.14,1.05,0.0,1.1,0.0,summer,2018/7/9,9:00:00,23.4,61.0
5,1,24,180,62,19.14,1.05,0.1,1.3,0.0,summer,2018/7/9,9:30:00,23.5,55.0
5,1,24,180,62,19.14,1.05,0.1,1.7,0.0,summer,2018/7/9,10:00:00,25.8,53.0
5,1,24,180,62,19.14,1.05,0.0,1.7,0.0,summer,2018/7/9,10:30:00,26.5,56.0
5,1,24,180,62,19.14,1.05,0.1,2.2,0.0,summer,2018/7/9,11:00:00,26.8,56.0
5,1,24,180,62,19.14,1.05,0.2,1.4,0.0,summer,2018/7/9,11:30:00,27.0,57.0
5,1,24,180,62,19.14,1.05,0.1,1.4,0.0,summer,2018/7/9,12:00:00,27.3,57.0
5,1,24,180,62,19.14,1.05,0.3,0.6,0.0,summer,2018/7/9,14:20:00,26.5,57.0
5,1,24,180,62,19.14,1.05,0.1,1.1,0.0,summer,2018/7/9,14:30:00,26.7,58.0
5,1,24,180,62,19.14,1.05,0.1,1.1,0.0,summer,2018/7/9,15:00:00,26.0,55.0
5,1,24,180,62,19.14,1.05,0.1,1.4,0.0,summer,2018/7/9,15:30:00,25.8,57.0
5,1,24,180,62,19.14,1.05,0.1,1.8,0.0,summer,2018/7/9,16:00:00,25.3,51.0
5,1,24,180,62,19.14,1.05,0.1,2.3,0.0,summer,2018/7/9,16:30:00,25.6,55.0
5,1,24,180,62,19.14,1.05,0.0,2.3,0.0,summer,2018/7/9,17:00:00,25.8,55.0
5,1,24,180,62,19.14,1.05,0.0,2.6,0.0,summer,2018/7/9,17:30:00,26.5,54.0
5,1,24,180,62,19.14,1.05,1.1,0.7,0.0,summer,2018/7/10,8:50:00,26.9,57.0
5,1,24,180,62,19.14,1.05,0.4,0.8,0.0,summer,2018/7/10,9:00:00,27.4,56.0
5,1,24,180,62,19.14,1.05,0.7,0.3,0.0,summer,2018/7/10,9:30:00,27.5,58.0
5,1,24,180,62,19.14,1.05,0.0,1.3,0.0,summer,2018/7/10,10:00:00,26.4,54.0
5,1,24,180,62,19.14,1.05,-0.5,0.3,0.0,summer,2018/7/10,10:30:00,25.2,54.0
5,1,24,180,62,19.14,1.05,-0.2,1.3,0.0,summer,2018/7/10,11:00:00,25.0,49.0
5,1,24,180,62,19.14,1.05,-1.2,-0.4,0.0,summer,2018/7/10,11:30:00,25.4,49.0
5,1,24,180,62,19.14,1.05,0.1,1.3,0.0,summer,2018/7/10,12:00:00,24.9,49.0
5,1,24,180,62,19.14,1.05,0.9,0.5,0.0,summer,2018/7/10,14:20:00,23.9,55.0
5,1,24,180,62,19.14,1.05,-0.3,0.7,0.0,summer,2018/7/10,14:30:00,24.4,55.0
5,1,24,180,62,19.14,1.05,0.0,2.2,0.0,summer,2018/7/10,15:00:00,26.2,54.0
5,1,24,180,62,19.14,1.05,0.3,1.0,0.0,summer,2018/7/10,15:30:00,27.4,55.0
5,1,24,180,62,19.14,1.05,0.1,1.7,0.0,summer,2018/7/10,16:00:00,27.3,58.0
5,1,24,180,62,19.14,1.05,0.3,1.6,0.0,summer,2018/7/10,16:30:00,27.7,59.0
5,1,24,180,62,19.14,1.05,0.0,2.0,0.0,summer,2018/7/10,17:00:00,28.1,57.0
5,1,24,180,62,19.14,1.05,0.0,1.7,0.0,summer,2018/7/10,17:30:00,28.3,58.0
5,1,24,180,62,19.14,1.05,1.2,1.6,0.0,summer,2018/7/11,8:50:00,27.1,58.0
5,1,24,180,62,19.14,1.05,0.4,1.5,0.0,summer,2018/7/11,9:00:00,26.9,60.0
5,1,24,180,62,19.14,1.05,0.1,0.7,0.0,summer,2018/7/11,9:30:00,27.6,58.0
5,1,24,180,62,19.14,1.05,-0.3,0.7,0.0,summer,2018/7/11,10:00:00,26.0,53.0
5,1,24,180,62,19.14,1.05,0.1,1.2,0.0,summer,2018/7/11,10:30:00,24.8,52.0
5,1,24,180,62,19.14,1.05,0.2,1.3,0.0,summer,2018/7/11,11:00:00,25.5,49.0
5,1,24,180,62,19.14,1.05,0.0,1.6,0.0,summer,2018/7/11,11:30:00,24.9,53.0
5,1,24,180,62,19.14,1.05,-0.2,1.3,0.0,summer,2018/7/11,12:00:00,24.7,49.0
5,1,24,180,62,19.14,1.05,-0.2,1.0,0.0,summer,2018/7/11,14:20:00,23.8,55.0
5,1,24,180,62,19.14,1.05,-0.1,1.6,0.0,summer,2018/7/11,14:30:00,24.3,56.0
5,1,24,180,62,19.14,1.05,0.0,1.7,0.0,summer,2018/7/11,15:00:00,24.8,51.0
5,1,24,180,62,19.14,1.05,0.1,2.2,0.0,summer,2018/7/11,15:30:00,25.4,51.0
5,1,24,180,62,19.14,1.05,0.0,2.4,0.0,summer,2018/7/11,16:00:00,26.2,52.0
5,1,24,180,62,19.14,1.05,0.2,1.8,0.0,summer,2018/7/11,16:30:00,26.7,52.0
5,1,24,180,62,19.14,1.05,0.0,2.3,0.0,summer,2018/7/11,17:00:00,27.3,53.0
5,1,24,180,62,19.14,1.05,0.3,2.3,0.0,summer,2018/7/11,17:30:00,28.0,52.0
5,1,24,180,62,19.14,1.05,0.7,0.7,0.0,summer,2018/7/12,8:50:00,23.3,56.0
5,1,24,180,62,19.14,1.05,0.4,0.5,0.0,summer,2018/7/12,9:00:00,23.5,55.0
5,1,24,180,62,19.14,1.05,-0.6,1.3,0.0,summer,2018/7/12,9:30:00,24.2,54.0
5,1,24,180,62,19.14,1.05,-0.2,1.7,0.0,summer,2018/7/12,10:00:00,26.1,52.0
5,1,24,180,62,19.14,1.05,0.0,1.7,0.0,summer,2018/7/12,10:30:00,26.5,53.0
5,1,24,180,62,19.14,1.05,0.0,2.2,0.0,summer,2018/7/12,11:00:00,26.9,54.0
5,1,24,180,62,19.14,1.05,0.1,2.2,0.0,summer,2018/7/12,11:30:00,27.0,55.0
5,1,24,180,62,19.14,1.05,0.2,2.2,0.0,summer,2018/7/12,12:00:00,27.1,55.0
5,1,24,180,62,19.14,1.05,0.6,0.0,0.0,summer,2018/7/12,14:20:00,26.6,56.0
5,1,24,180,62,19.14,1.05,0.8,0.7,0.0,summer,2018/7/12,14:30:00,26.1,54.0
5,1,24,180,62,19.14,1.05,-0.2,1.6,0.0,summer,2018/7/12,15:00:00,23.7,49.0
5,1,24,180,62,19.14,1.05,0.6,0.3,0.0,summer,2018/7/12,15:30:00,24.3,53.0
5,1,24,180,62,19.14,1.05,0.3,1.3,0.0,summer,2018/7/12,16:00:00,24.6,49.0
5,1,24,180,62,19.14,1.05,-0.2,1.7,0.0,summer,2018/7/12,16:30:00,24.7,53.0
5,1,24,180,62,19.14,1.05,0.1,2.2,0.0,summer,2018/7/12,17:00:00,25.2,64.0
5,1,24,180,62,19.14,1.05,0.1,2.2,0.0,summer,2018/7/12,17:30:00,25.2,64.0
5,1,24,180,62,19.14,1.05,0.7,-0.7,0.0,summer,2018/7/13,8:50:00,27.2,58.0
5,1,24,180,62,19.14,1.05,1.1,-0.6,0.0,summer,2018/7/13,9:00:00,27.0,59.0
5,1,24,180,62,19.14,1.05,-0.1,0.7,0.0,summer,2018/7/13,9:30:00,25.8,57.0
5,1,24,180,62,19.14,1.05,-0.4,1.7,0.0,summer,2018/7/13,10:00:00,25.3,51.0
5,1,24,180,62,19.14,1.05,-0.6,1.6,0.0,summer,2018/7/13,10:30:00,24.3,48.0
5,1,24,180,62,19.14,1.05,-0.4,1.7,0.0,summer,2018/7/13,11:00:00,24.9,52.0
5,1,24,180,62,19.14,1.05,-0.3,2.1,0.0,summer,2018/7/13,11:30:00,25.3,55.0
5,1,24,180,62,19.14,1.05,-0.1,2.2,0.0,summer,2018/7/13,12:00:00,25.4,54.0
5,1,24,180,62,19.14,1.05,2.0,-1.2,0.0,summer,2018/7/13,14:20:00,25.5,63.0
5,1,24,180,62,19.14,1.05,0.8,0.3,0.0,summer,2018/7/13,14:30:00,25.7,58.0
5,1,24,180,62,19.14,1.05,0.3,1.6,0.0,summer,2018/7/13,15:00:00,25.3,50.0
5,1,24,180,62,19.14,1.05,0.3,1.6,0.0,summer,2018/7/13,15:30:00,25.3,50.0
5,1,24,180,62,19.14,1.05,0.6,0.8,0.0,summer,2018/7/13,16:00:00,25.2,47.0
5,1,24,180,62,19.14,1.05,0.4,1.7,0.0,summer,2018/7/13,16:30:00,27.2,48.0
5,1,24,180,62,19.14,1.05,0.4,1.7,0.0,summer,2018/7/13,17:00:00,27.2,48.0
5,1,24,180,62,19.14,1.05,0.4,1.7,0.0,summer,2018/7/13,17:30:00,27.2,48.0
5,1,24,180,62,19.14,1.05,3.0,-2.7,0.0,summer,2018/7/16,8:50:00,28.7,53.0
5,1,24,180,62,19.14,1.05,3.0,-2.7,0.0,summer,2018/7/16,9:00:00,28.7,53.0
5,1,24,180,62,19.14,1.05,3.0,-2.7,0.0,summer,2018/7/16,9:30:00,28.7,53.0
5,1,24,180,62,19.14,1.05,3.0,-2.7,0.0,summer,2018/7/16,10:00:00,28.7,53.0
5,1,24,180,62,19.14,1.05,0.9,-0.2,0.0,summer,2018/7/16,10:30:00,25.3,52.0
5,1,24,180,62,19.14,1.05,0.9,-0.2,0.0,summer,2018/7/16,11:00:00,25.3,52.0
5,1,24,180,62,19.14,1.05,0.9,-0.2,0.0,summer,2018/7/16,11:30:00,25.3,52.0
5,1,24,180,62,19.14,1.05,0.9,-0.2,0.0,summer,2018/7/16,12:00:00,25.3,52.0
5,1,24,180,62,19.14,1.05,2.6,-2.2,0.0,summer,2018/7/16,14:20:00,24.9,54.0
5,1,24,180,62,19.14,1.05,0.9,0.7,0.0,summer,2018/7/16,14:30:00,24.9,54.0
5,1,24,180,62,19.14,1.05,0.0,1.6,0.0,summer,2018/7/16,15:00:00,25.5,52.0
5,1,24,180,62,19.14,1.05,0.0,2.3,0.0,summer,2018/7/16,15:30:00,25.6,52.0
5,1,24,180,62,19.14,1.05,0.1,1.8,1.0,summer,2018/7/16,16:00:00,25.6,49.0
5,1,24,180,62,19.14,1.05,-1.4,0.0,1.0,summer,2018/7/16,16:30:00,24.6,49.0
5,1,24,180,62,19.14,1.05,-2.0,-1.8,1.0,summer,2018/7/16,17:00:00,23.7,50.0
5,1,24,180,62,19.14,1.05,-2.0,-1.9,1.0,summer,2018/7/16,17:30:00,23.1,52.0
5,1,24,180,62,19.14,1.05,-2.2,-2.2,1.0,summer,2018/7/16,18:00:00,22.8,51.0
5,1,24,180,62,19.14,1.05,0.8,0.6,0.0,summer,2018/7/17,8:50:00,23.1,54.0
5,1,24,180,62,19.14,1.05,0.3,0.6,0.0,summer,2018/7/17,9:00:00,23.4,53.0
5,1,24,180,62,19.14,1.05,0.1,1.3,0.0,summer,2018/7/17,9:30:00,24.7,54.0
5,1,24,180,62,19.14,1.05,0.3,2.3,0.0,summer,2018/7/17,10:00:00,25.9,57.0
5,1,24,180,62,19.14,1.05,0.8,0.9,0.0,summer,2018/7/17,10:30:00,26.6,60.0
5,1,24,180,62,19.14,1.05,0.4,0.6,0.0,summer,2018/7/17,11:00:00,27.1,59.0
5,1,24,180,62,19.14,1.05,0.9,1.2,0.0,summer,2018/7/17,11:30:00,27.0,60.0
5,1,24,180,62,19.14,1.05,0.3,2.3,0.0,summer,2018/7/17,12:00:00,27.6,60.0
5,1,24,180,62,19.14,1.05,1.2,-0.7,0.0,summer,2018/7/17,14:20:00,28.4,61.0
5,1,24,180,62,19.14,1.05,1.4,-0.7,0.0,summer,2018/7/17,14:30:00,28.4,62.0
5,1,24,180,62,19.14,1.05,0.6,0.7,1.0,summer,2018/7/17,15:00:00,26.7,49.0
5,1,24,180,62,19.14,1.05,-1.0,-0.5,1.0,summer,2018/7/17,15:30:00,24.8,48.0
5,1,24,180,62,19.14,1.05,-1.2,-0.7,1.0,summer,2018/7/17,16:00:00,24.5,50.0
5,1,24,180,62,19.14,1.05,-1.2,-0.7,1.0,summer,2018/7/17,16:30:00,24.9,52.0
5,1,24,180,62,19.14,1.05,0.1,2.6,0.0,summer,2018/7/17,17:00:00,28.3,49.0
5,1,24,180,62,19.14,1.05,0.2,1.6,0.0,summer,2018/7/17,17:30:00,29.3,48.0
5,1,24,180,62,19.14,1.05,3.0,-3.0,0.0,summer,2018/7/18,8:50:00,29.1,60.0
5,1,24,180,62,19.14,1.05,3.0,-3.0,1.0,summer,2018/7/18,9:00:00,28.3,56.0
5,1,24,180,62,19.14,1.05,-0.3,1.0,1.0,summer,2018/7/18,9:30:00,25.4,48.0
5,1,24,180,62,19.14,1.05,-0.3,1.0,1.0,summer,2018/7/18,10:00:00,24.2,48.0
5,1,24,180,62,19.14,1.05,-1.3,-1.0,1.0,summer,2018/7/18,10:30:00,23.9,50.0
5,1,24,180,62,19.14,1.05,-1.5,-2.0,1.0,summer,2018/7/18,11:00:00,23.7,49.0
5,1,24,180,62,19.14,1.05,-1.5,-1.5,1.0,summer,2018/7/18,11:30:00,23.6,50.0
5,1,24,180,62,19.14,1.05,-1.0,-1.0,1.0,summer,2018/7/18,12:00:00,23.7,51.0
5,1,24,180,62,19.14,1.05,1.5,-2.0,0.0,summer,2018/7/18,14:20:00,28.0,47.0
5,1,24,180,62,19.14,1.05,1.5,-1.0,0.0,summer,2018/7/18,14:30:00,28.1,48.0
5,1,24,180,62,19.14,1.05,1.5,-1.0,0.0,summer,2018/7/18,15:00:00,28.9,48.0
5,1,24,180,62,19.14,1.05,2.5,-2.0,0.0,summer,2018/7/18,15:30:00,29.3,47.0
5,1,24,180,62,19.14,1.05,0.0,2.0,1.0,summer,2018/7/18,16:00:00,26.6,42.0
5,1,24,180,62,19.14,1.05,-0.2,1.0,1.0,summer,2018/7/18,16:30:00,25.9,42.0
5,1,24,180,62,19.14,1.05,-1.0,-1.0,1.0,summer,2018/7/18,17:00:00,25.5,44.0
5,1,24,180,62,19.14,1.05,0.0,2.0,0.0,summer,2018/7/18,17:30:00,26.9,45.0
5,1,24,180,62,19.14,1.05,0.0,2.0,0.0,summer,2018/7/19,8:50:00,26.9,45.0
5,1,24,180,62,19.14,1.05,0.0,2.0,0.0,summer,2018/7/19,9:00:00,26.9,45.0
5,1,24,180,62,19.14,1.05,0.0,2.0,1.0,summer,2018/7/19,9:30:00,26.9,45.0
5,1,24,180,62,19.14,1.05,0.0,2.0,1.0,summer,2018/7/19,10:00:00,26.9,45.0
5,1,24,180,62,19.14,1.05,0.0,2.0,1.0,summer,2018/7/19,10:30:00,26.9,45.0
5,1,24,180,62,19.14,1.05,0.0,2.0,1.0,summer,2018/7/19,11:00:00,26.9,45.0
5,1,24,180,62,19.14,1.05,0.0,2.0,1.0,summer,2018/7/19,11:30:00,26.9,45.0
5,1,24,180,62,19.14,1.05,0.0,2.0,1.0,summer,2018/7/19,12:00:00,26.9,45.0
5,1,24,180,62,19.14,1.05,2.0,-2.0,0.0,summer,2018/7/19,14:20:00,29.3,52.0
5,1,24,180,62,19.14,1.05,2.4,-3.0,0.0,summer,2018/7/19,14:30:00,29.6,52.0
5,1,24,180,62,19.14,1.05,0.5,2.0,1.0,summer,2018/7/19,15:00:00,25.6,43.0
5,1,24,180,62,19.14,1.05,0.0,2.0,1.0,summer,2018/7/19,15:30:00,25.2,43.0
5,1,24,180,62,19.14,1.05,0.0,1.0,1.0,summer,2018/7/19,16:00:00,25.0,45.0
5,1,24,180,62,19.14,1.05,-1.0,-1.0,1.0,summer,2018/7/19,16:30:00,24.9,48.0
5,1,24,180,62,19.14,1.05,0.0,2.0,1.0,summer,2018/7/19,17:00:00,25.2,45.0
5,1,24,180,62,19.14,1.05,-0.5,0.0,1.0,summer,2018/7/19,17:30:00,24.8,45.0
5,1,24,180,62,19.14,1.05,3.0,-3.0,0.0,summer,2018/7/20,8:50:00,29.1,56.0
5,1,24,180,62,19.14,1.05,3.0,-3.0,0.0,summer,2018/7/20,9:00:00,29.5,58.0
5,1,24,180,62,19.14,1.05,0.5,2.0,0.0,summer,2018/7/20,9:30:00,27.7,52.0
5,1,24,180,62,19.14,1.05,0.0,2.0,0.0,summer,2018/7/20,10:00:00,27.1,48.0
5,1,24,180,62,19.14,1.05,0.0,2.0,0.0,summer,2018/7/20,10:30:00,27.1,48.0
5,1,24,180,62,19.14,1.05,0.0,2.0,0.0,summer,2018/7/20,11:00:00,27.1,48.0
5,1,24,180,62,19.14,1.05,0.0,2.0,0.0,summer,2018/7/20,11:30:00,27.1,48.0
5,1,24,180,62,19.14,1.05,0.0,2.0,0.0,summer,2018/7/20,12:00:00,27.1,48.0
5,1,24,180,62,19.14,1.05,0.0,2.0,0.0,summer,2018/7/20,14:20:00,27.1,48.0
5,1,24,180,62,19.14,1.05,0.0,2.0,0.0,summer,2018/7/20,14:30:00,27.1,48.0
5,1,24,180,62,19.14,1.05,0.0,2.0,0.0,summer,2018/7/20,15:00:00,27.1,48.0
5,1,24,180,62,19.14,1.05,0.0,2.0,1.0,summer,2018/7/20,15:30:00,27.1,48.0
5,1,24,180,62,19.14,1.05,0.0,2.0,1.0,summer,2018/7/20,16:00:00,27.1,48.0
5,1,24,180,62,19.14,1.05,0.0,2.0,1.0,summer,2018/7/20,16:30:00,27.1,48.0
5,1,24,180,62,19.14,1.05,0.0,2.0,1.0,summer,2018/7/20,17:00:00,27.1,48.0
5,1,24,180,62,19.14,1.05,0.0,2.0,1.0,summer,2018/7/20,17:30:00,27.1,48.0
5,1,24,180,62,19.14,1.05,0.0,2.0,1.0,summer,2018/7/21,8:50:00,27.1,48.0
5,1,24,180,62,19.14,1.05,1.0,-1.0,0.0,summer,2018/7/21,9:00:00,27.5,55.0
5,1,24,180,62,19.14,1.05,0.0,1.0,0.0,summer,2018/7/21,9:30:00,26.0,50.0
5,1,24,180,62,19.14,1.05,0.0,2.0,0.0,summer,2018/7/21,10:00:00,25.3,48.0
5,1,24,180,62,19.14,1.05,0.0,2.0,0.0,summer,2018/7/21,10:30:00,25.7,48.0
5,1,24,180,62,19.14,1.05,0.0,2.0,0.0,summer,2018/7/21,11:00:00,25.5,47.0
5,1,24,180,62,19.14,1.05,0.0,3.0,0.0,summer,2018/7/21,11:30:00,25.5,46.0
5,1,24,180,62,19.14,1.05,0.0,3.0,0.0,summer,2018/7/21,12:00:00,25.4,47.0
5,1,24,180,62,19.14,1.05,-0.5,2.0,0.0,summer,2018/7/21,14:20:00,24.5,46.0
5,1,24,180,62,19.14,1.05,-0.5,2.0,0.0,summer,2018/7/21,14:30:00,24.5,46.0
5,1,24,180,62,19.14,1.05,0.0,2.0,0.0,summer,2018/7/21,15:00:00,24.5,46.0
5,1,24,180,62,19.14,1.05,-0.5,-0.5,1.0,summer,2018/7/21,15:30:00,24.3,47.0
5,1,24,180,62,19.14,1.05,-1.5,-2.0,1.0,summer,2018/7/21,16:00:00,22.7,49.0
5,1,24,180,62,19.14,1.05,-0.5,2.0,0.0,summer,2018/7/21,16:30:00,25.8,43.0
5,1,24,180,62,19.14,1.05,-0.5,1.5,0.0,summer,2018/7/21,17:00:00,26.3,44.0
5,1,24,180,62,19.14,1.05,0.0,2.0,0.0,summer,2018/7/21,17:30:00,26.3,43.0
6,1,24,180,62,19.14,1.56,0.0,2.0,0.0,summer,2018/7/11,9:00:00,26.3,43.0
6,1,24,180,62,19.14,1.56,0.0,2.5,0.0,summer,2018/7/11,9:30:00,25.4,54.0
6,1,24,180,62,19.14,1.56,-0.3,2.0,0.0,summer,2018/7/11,10:00:00,25.1,54.0
6,1,24,180,62,19.14,1.56,-0.5,1.7,0.0,summer,2018/7/11,10:30:00,25.0,55.0
6,1,24,180,62,19.14,1.56,-1.0,1.0,0.0,summer,2018/7/11,11:00:00,25.0,52.0
6,1,24,180,62,19.14,1.56,-1.0,1.0,0.0,summer,2018/7/11,11:30:00,24.7,52.0
6,1,24,180,62,19.14,1.56,0.0,2.5,0.0,summer,2018/7/11,12:00:00,26.5,52.0
6,1,24,180,62,19.14,1.56,0.0,2.5,0.0,summer,2018/7/11,14:20:00,26.8,56.0
6,1,24,180,62,19.14,1.56,0.0,2.5,0.0,summer,2018/7/11,14:30:00,26.8,56.0
6,1,24,180,62,19.14,1.56,-0.5,2.0,0.0,summer,2018/7/11,15:00:00,25.5,53.0
6,1,24,180,62,19.14,1.56,-0.5,1.5,0.0,summer,2018/7/11,15:30:00,25.0,52.0
6,1,24,180,62,19.14,1.56,-0.7,1.0,0.0,summer,2018/7/11,16:00:00,24.8,54.0
6,1,24,180,62,19.14,1.56,-1.0,0.5,0.0,summer,2018/7/11,16:30:00,24.7,50.0
6,1,24,180,62,19.14,1.56,0.0,2.5,0.0,summer,2018/7/11,17:00:00,26.2,53.0
6,1,24,180,62,19.14,1.56,0.0,2.5,0.0,summer,2018/7/11,17:30:00,26.7,55.0
6,1,24,180,62,19.14,1.56,0.0,2.3,0.0,summer,2018/7/12,8:50:00,26.0,60.0
6,1,24,180,62,19.14,1.56,0.0,2.2,0.0,summer,2018/7/12,9:00:00,26.1,60.0
6,1,24,180,62,19.14,1.56,-0.1,1.5,0.0,summer,2018/7/12,9:30:00,24.8,56.0
6,1,24,180,62,19.14,1.56,-0.5,1.3,0.0,summer,2018/7/12,10:00:00,24.7,53.0
6,1,24,180,62,19.14,1.56,-0.5,1.3,0.0,summer,2018/7/12,10:30:00,24.6,54.0
6,1,24,180,62,19.14,1.56,-0.5,0.5,0.0,summer,2018/7/12,11:00:00,24.5,51.0
6,1,24,180,62,19.14,1.56,-1.3,0.5,0.0,summer,2018/7/12,11:30:00,24.6,54.0
6,1,24,180,62,19.14,1.56,-1.5,-0.5,0.0,summer,2018/7/12,12:00:00,24.2,49.0
6,1,24,180,62,19.14,1.56,-0.3,2.0,0.0,summer,2018/7/12,14:20:00,26.4,56.0
6,1,24,180,62,19.14,1.56,-0.3,2.0,0.0,summer,2018/7/12,14:30:00,26.3,54.0
6,1,24,180,62,19.14,1.56,-0.3,2.3,0.0,summer,2018/7/12,15:00:00,26.4,52.0
6,1,24,180,62,19.14,1.56,-1.0,1.0,0.0,summer,2018/7/12,15:30:00,24.5,51.0
6,1,24,180,62,19.14,1.56,-1.5,0.5,0.0,summer,2018/7/12,16:00:00,24.0,52.0
6,1,24,180,62,19.14,1.56,-0.3,1.7,0.0,summer,2018/7/12,16:30:00,25.5,55.0
6,1,24,180,62,19.14,1.56,0.0,2.0,0.0,summer,2018/7/12,17:00:00,26.0,56.0
6,1,24,180,62,19.14,1.56,0.0,2.0,0.0,summer,2018/7/12,17:30:00,26.2,56.0
6,1,24,180,62,19.14,1.56,-2.0,-0.5,0.0,summer,2018/7/13,8:50:00,23.1,63.0
6,1,24,180,62,19.14,1.56,-0.5,-0.3,0.0,summer,2018/7/13,9:00:00,23.5,62.0
6,1,24,180,62,19.14,1.56,0.0,2.5,0.0,summer,2018/7/13,9:30:00,25.3,62.0
6,1,24,180,62,19.14,1.56,0.0,2.5,0.0,summer,2018/7/13,10:00:00,25.8,62.0
6,1,24,180,62,19.14,1.56,0.0,2.5,0.0,summer,2018/7/13,10:30:00,26.2,61.0
6,1,24,180,62,19.14,1.56,0.0,2.4,0.0,summer,2018/7/13,11:00:00,26.6,60.0
6,1,24,180,62,19.14,1.56,0.0,2.8,0.0,summer,2018/7/13,11:30:00,26.7,60.0
6,1,24,180,62,19.14,1.56,-0.2,1.7,0.0,summer,2018/7/13,12:00:00,25.2,54.0
6,1,24,180,62,19.14,1.56,-0.3,2.0,0.0,summer,2018/7/13,14:20:00,24.3,57.0
6,1,24,180,62,19.14,1.56,0.0,2.0,0.0,summer,2018/7/13,14:30:00,24.6,54.0
6,1,24,180,62,19.14,1.56,-0.2,2.0,0.0,summer,2018/7/13,15:00:00,25.0,52.0
6,1,24,180,62,19.14,1.56,-0.3,2.0,0.0,summer,2018/7/13,15:30:00,25.2,52.0
6,1,24,180,62,19.14,1.56,0.0,2.5,0.0,summer,2018/7/13,16:00:00,25.5,51.0
6,1,24,180,62,19.14,1.56,0.0,2.3,0.0,summer,2018/7/13,16:30:00,25.4,53.0
6,1,24,180,62,19.14,1.56,-0.3,1.5,0.0,summer,2018/7/13,17:00:00,25.2,53.0
6,1,24,180,62,19.14,1.56,-0.2,1.7,0.0,summer,2018/7/13,17:30:00,25.2,54.0
6,1,24,180,62,19.14,1.56,-1.5,-0.5,0.0,summer,2018/7/14,8:50:00,22.5,62.0
6,1,24,180,62,19.14,1.56,-1.0,-0.3,0.0,summer,2018/7/14,9:00:00,23.0,66.0
6,1,24,180,62,19.14,1.56,0.0,2.5,0.0,summer,2018/7/14,9:30:00,24.7,67.0
6,1,24,180,62,19.14,1.56,0.0,2.5,0.0,summer,2018/7/14,10:00:00,25.5,65.0
6,1,24,180,62,19.14,1.56,0.0,2.5,0.0,summer,2018/7/14,10:30:00,26.0,65.0
6,1,24,180,62,19.14,1.56,0.2,2.0,0.0,summer,2018/7/14,11:00:00,26.5,66.0
6,1,24,180,62,19.14,1.56,-1.0,1.3,0.0,summer,2018/7/14,11:30:00,24.9,54.0
6,1,24,180,62,19.14,1.56,-1.0,0.5,0.0,summer,2018/7/14,12:00:00,24.7,53.0
6,1,24,180,62,19.14,1.56,-1.0,0.5,0.0,summer,2018/7/14,14:20:00,23.9,58.0
6,1,24,180,62,19.14,1.56,-1.0,0.5,0.0,summer,2018/7/14,14:30:00,24.0,58.0
6,1,24,180,62,19.14,1.56,0.0,2.0,0.0,summer,2018/7/14,15:00:00,25.6,56.0
6,1,24,180,62,19.14,1.56,0.0,2.5,0.0,summer,2018/7/14,15:30:00,26.3,54.0
6,1,24,180,62,19.14,1.56,0.0,2.5,0.0,summer,2018/7/14,16:00:00,26.9,52.0
6,1,24,180,62,19.14,1.56,0.5,2.3,0.0,summer,2018/7/14,16:30:00,27.3,51.0
6,1,24,180,62,19.14,1.56,0.0,2.5,0.0,summer,2018/7/14,17:00:00,26.0,48.0
6,1,24,180,62,19.14,1.56,0.0,2.5,0.0,summer,2018/7/14,17:30:00,25.8,48.0
6,1,24,180,62,19.14,1.56,1.5,0.0,0.0,summer,2018/7/15,8:50:00,28.2,60.0
6,1,24,180,62,19.14,1.56,1.5,0.0,0.0,summer,2018/7/15,9:00:00,28.2,61.0
6,1,24,180,62,19.14,1.56,0.0,1.3,0.0,summer,2018/7/15,9:30:00,27.0,53.0
6,1,24,180,62,19.14,1.56,0.0,2.5,0.0,summer,2018/7/15,10:00:00,26.7,53.0
6,1,24,180,62,19.14,1.56,0.0,2.5,0.0,summer,2018/7/15,10:30:00,26.4,51.0
6,1,24,180,62,19.14,1.56,0.0,2.5,0.0,summer,2018/7/15,11:00:00,26.0,45.0
6,1,24,180,62,19.14,1.56,0.0,2.5,0.0,summer,2018/7/15,11:30:00,27.3,49.0
6,1,24,180,62,19.14,1.56,0.0,2.5,0.0,summer,2018/7/15,12:00:00,27.5,50.0
6,1,24,180,62,19.14,1.56,0.2,2.3,0.0,summer,2018/7/15,14:20:00,27.6,51.0
6,1,24,180,62,19.14,1.56,0.3,2.0,0.0,summer,2018/7/15,14:30:00,27.7,51.0
6,1,24,180,62,19.14,1.56,0.2,2.0,0.0,summer,2018/7/15,15:00:00,28.0,52.0
6,1,24,180,62,19.14,1.56,0.3,2.0,0.0,summer,2018/7/15,15:30:00,28.3,51.0
6,1,24,180,62,19.14,1.56,-0.7,1.5,0.0,summer,2018/7/15,16:00:00,27.0,47.0
6,1,24,180,62,19.14,1.56,-0.2,2.0,0.0,summer,2018/7/15,16:30:00,26.8,50.0
6,1,24,180,62,19.14,1.56,-1.0,0.0,0.0,summer,2018/7/15,17:00:00,26.6,47.0
6,1,24,180,62,19.14,1.56,-0.7,2.0,0.0,summer,2018/7/15,17:30:00,26.7,49.0
6,1,24,180,62,19.14,1.56,2.0,-1.0,0.0,summer,2018/7/16,8:50:00,28.9,56.0
6,1,24,180,62,19.14,1.56,2.0,-1.0,0.0,summer,2018/7/16,9:00:00,28.8,58.0
6,1,24,180,62,19.14,1.56,0.0,2.5,0.0,summer,2018/7/16,9:30:00,27.3,50.0
6,1,24,180,62,19.14,1.56,0.0,2.5,0.0,summer,2018/7/16,10:00:00,26.8,46.0
6,1,24,180,62,19.14,1.56,-0.3,2.5,0.0,summer,2018/7/16,10:30:00,26.7,47.0
6,1,24,180,62,19.14,1.56,-0.5,2.5,0.0,summer,2018/7/16,11:00:00,25.8,52.0
